{energy.1=5000;energy.2=5000;
particles.1=180;particles.2=180;
sigma_x.1=890.19;sigma_x.2=890.19;
sigma_y.1=890.19;sigma_y.2=890.19;
sigma_z.1=1500;sigma_z.2=1500;
dist_z.1=0;dist_z.2=0;
emitt_x.1=25;emitt_x.2=25;
emitt_y.1=25;emitt_y.2=25;
beta_x.1=1.5;beta_x.2=1.5;
beta_y.1=1.5;beta_y.2=1.5;
espread.1=0.001;espread.2=0.001;which_espread.1=1;which_espread.2=1;
n_b=1;f_rep=1;
offset_x.1=0;offset_x.2=-0;
offset_y.1=0;offset_y.2=-0;
offset_z.1=0;offset_z.2=-0;
waist_x.1=0;waist_x.2=0;
waist_y.1=0;waist_y.2=0;
couple_xy.1=0;couple_xy.2=0;
xi_x.1=0;xi_x.2=0;
xi_y.1=0;xi_y.2=0;
angle_x.1=0;angle_x.2=0;
angle_y.1=0;angle_y.2=0;
angle_phi.1=0;angle_phi.2=0;}
{n_x=32;n_y=32;
n_z=20;n_t=3;
n_m.1=5000;n_m.2=5000;charge_sign=-1
cut_x=5341.14;cut_y=5341.14;cut_z=3000;
integration_method=2;force_symmetric=0;
rndm_load=1;rndm_save=1;
do_photons.1=1;do_photons.2=1;
write_photons=1;do_compt=0;do_prod=0;electron_ratio=1;
compt_x_min=1;compt_emax=100;compt_scale=1
do_lumi=1;num_lumi=100000;lumi_p=1e-29;
do_cross=0;do_isr=0;do_espread=0;
photon_ratio=1;
do_hadrons=0;store_hadrons=0;hadron_ratio=1
do_jets=0;store_jets=0
do_pairs=1;do_muons=0;load_events=0;
track_pairs=0;pair_step=0.2;
do_coherent=0;
grids=1;
pair_ecut=0.005;
pair_ratio=1;
pair_q2=2;
beam_pair=0;
jet_ratio=100000;
jet_ptmin=2;
jet_pythia=0;
jet_log=1;
beam_size=0;beam_size_scale=1;ext_field=0;}
{lumi_fine=2.7679e+35;
lumi_ee=2.8047e+35;
lumi_ee_high=2.8047e+35;
lumi_pp=0;
lumi_eg=2.59053e+34;
lumi_ge=2.52494e+34;
lumi_gg=2.59696e+33;
lumi_gg_high=0;
lumi[0][0]=0;
lumi[0][1]=2.8047e+35;
lumi[0][2]=2.59053e+34;
lumi[1][0]=0;
lumi[1][1]=0;
lumi[1][2]=0;
lumi[2][0]=0;
lumi[2][1]=2.52494e+34;
lumi[2][2]=2.59696e+33;
upsmax=12.0274;
miss.1=0.000848;out.1=4;miss.2=0.000488;out.2=2;
E_cm=10000;E_cm_var=0.668872;
e_phot.1=0.00170371;e_phot.2=0.00175076;
bpm_vx.1=2.648481;bpm_sig_vx.1=639.370263;
bpm_vy.1=5.126201;bpm_sig_vy.1=631.616955;
bpm_vx.2=-10.288886;bpm_sig_vx.2=634.451859;
bpm_vy.2=-12.494688;bpm_sig_vy.2=639.532210;
bpm_vx_coh.1=2.648481;
bpm_vy_coh.1=5.126201;
bpm_vx_coh.2=-10.288886;
bpm_vy_coh.2=-12.494688;
hadron_cut.1=2;hadron_cut.2=5;hadron_cut.3=10;
hadrons_ee.1=0;hadrons_ee.2=0;hadrons_ee.3=0;
hadrons_eg.1=0;hadrons_eg.2=0;hadrons_eg.3=0;
hadrons_ge.1=0;hadrons_ge.2=0;hadrons_ge.3=0;
hadrons_gg.1=0;hadrons_gg.2=0;hadrons_gg.3=0;
hadrons_sum.1=0;hadrons_sum.2=0;hadrons_sum.3=0;
jets0=0;
jets1=0;
jets2=0;
jet_storage=(0,
0,
0,
0,
0,
0,
0,
0,
0,
0,
0,
);
n_pairs=943808;e_pairs=692645;
e_BW=41.5407;n_BW=17480.2;
e_BH=14740.3;n_BH=160579;
e_LL=682566;n_LL=765408;
n_pt=169.202;e_pt=16.9038;
anzahl_0=0;
anzahl_1=15.1591;
anzahl_2=154.043;
n.1=471649;b.1=347338
n.2=471818;b.2=350010
cross={}
cross_var={}
cross_ncall= 0;
compt_sum=0;
compt_sum2=0;
compt_sum3=0; compt_sume3=0
compt_sum4=0; compt_sume4=0
compt_npart_0=0;compt_epart_0=0;
compt_npart_1=0;compt_epart_1=0;
compt_n.1=0;compt_b.1=0;
compt_n.2=0;compt_b.2=0;
coherent.sum = -1;
coherent.sumeng = -1;
coherent.upsmax = -1;
coherent.count = -1;
coherent.total_energy = -1.0;
pairs_ncal.1=0;pairs_cal.1=0.000000;
pairs_ncal.2=0;pairs_cal.2=0.000000;
mask_hit_z=2100;mask_hit_ri=56;mask_hit_ro=117
mask_hit_e=44.0753;mask_hit_n=79.0311;
muon_n.0=0;muon_e.0=0;
muon_n.1=0;muon_e.1=0;
muon_n.2=0;muon_e.2=0;
muon_n_sum=0;muon_e_sum=0;
de1=0.000298633;de2=0.000315039;}
phot-e-1 : 0.00170371 0.1766
phot-e-1 : 0.00170371 0.1766
phot-e-2 : 0.00175076 0.1816
phot-e-2 : 0.00175076 0.1816
$HISTOGRAM::lumi_ee
type=1;nc=200;xmin=0;xmax=10001;
   0.000000e+00    0.000000e+00    0.000000e+00    0.000000e+00
   0.000000e+00    0.000000e+00    0.000000e+00    0.000000e+00
   0.000000e+00    0.000000e+00    0.000000e+00    0.000000e+00
   0.000000e+00    0.000000e+00    0.000000e+00    0.000000e+00
   0.000000e+00    0.000000e+00    0.000000e+00    0.000000e+00
   0.000000e+00    0.000000e+00    0.000000e+00    0.000000e+00
   0.000000e+00    0.000000e+00    0.000000e+00    0.000000e+00
   0.000000e+00    0.000000e+00    0.000000e+00    0.000000e+00
   0.000000e+00    0.000000e+00    0.000000e+00    0.000000e+00
   0.000000e+00    0.000000e+00    0.000000e+00    0.000000e+00
   0.000000e+00    0.000000e+00    0.000000e+00    0.000000e+00
   0.000000e+00    0.000000e+00    0.000000e+00    0.000000e+00
   0.000000e+00    0.000000e+00    0.000000e+00    0.000000e+00
   0.000000e+00    0.000000e+00    0.000000e+00    0.000000e+00
   0.000000e+00    0.000000e+00    0.000000e+00    0.000000e+00
   0.000000e+00    0.000000e+00    0.000000e+00    0.000000e+00
   0.000000e+00    0.000000e+00    0.000000e+00    0.000000e+00
   0.000000e+00    0.000000e+00    0.000000e+00    0.000000e+00
   0.000000e+00    0.000000e+00    0.000000e+00    0.000000e+00
   0.000000e+00    0.000000e+00    0.000000e+00    0.000000e+00
   0.000000e+00    0.000000e+00    0.000000e+00    0.000000e+00
   0.000000e+00    0.000000e+00    0.000000e+00    0.000000e+00
   0.000000e+00    0.000000e+00    0.000000e+00    0.000000e+00
   0.000000e+00    0.000000e+00    0.000000e+00    0.000000e+00
   0.000000e+00    0.000000e+00    0.000000e+00    0.000000e+00
   0.000000e+00    0.000000e+00    0.000000e+00    0.000000e+00
   0.000000e+00    0.000000e+00    0.000000e+00    0.000000e+00
   0.000000e+00    0.000000e+00    0.000000e+00    0.000000e+00
   0.000000e+00    0.000000e+00    0.000000e+00    0.000000e+00
   0.000000e+00    0.000000e+00    0.000000e+00    0.000000e+00
   0.000000e+00    0.000000e+00    0.000000e+00    0.000000e+00
   0.000000e+00    0.000000e+00    0.000000e+00    0.000000e+00
   0.000000e+00    0.000000e+00    0.000000e+00    0.000000e+00
   0.000000e+00    0.000000e+00    0.000000e+00    0.000000e+00
   0.000000e+00    0.000000e+00    0.000000e+00    0.000000e+00
   0.000000e+00    0.000000e+00    0.000000e+00    0.000000e+00
   0.000000e+00    0.000000e+00    0.000000e+00    0.000000e+00
   0.000000e+00    0.000000e+00    0.000000e+00    0.000000e+00
   0.000000e+00    0.000000e+00    0.000000e+00    0.000000e+00
   0.000000e+00    0.000000e+00    0.000000e+00    0.000000e+00
   0.000000e+00    0.000000e+00    0.000000e+00    0.000000e+00
   0.000000e+00    0.000000e+00    0.000000e+00    0.000000e+00
   0.000000e+00    0.000000e+00    0.000000e+00    0.000000e+00
   0.000000e+00    0.000000e+00    0.000000e+00    0.000000e+00
   0.000000e+00    0.000000e+00    0.000000e+00    0.000000e+00
   0.000000e+00    0.000000e+00    0.000000e+00    0.000000e+00
   0.000000e+00    0.000000e+00    0.000000e+00    0.000000e+00
   0.000000e+00    0.000000e+00    0.000000e+00    0.000000e+00
   0.000000e+00    0.000000e+00    0.000000e+00    0.000000e+00
   0.000000e+00    0.000000e+00    0.000000e+00    2.804702e+35
$HISTOGRAM::lumi_eg
type=1;nc=200;xmin=0;xmax=10000;
   2.590529e+34    0.000000e+00    0.000000e+00    0.000000e+00
   0.000000e+00    0.000000e+00    0.000000e+00    0.000000e+00
   0.000000e+00    0.000000e+00    0.000000e+00    0.000000e+00
   0.000000e+00    0.000000e+00    0.000000e+00    0.000000e+00
   0.000000e+00    0.000000e+00    0.000000e+00    0.000000e+00
   0.000000e+00    0.000000e+00    0.000000e+00    0.000000e+00
   0.000000e+00    0.000000e+00    0.000000e+00    0.000000e+00
   0.000000e+00    0.000000e+00    0.000000e+00    0.000000e+00
   0.000000e+00    0.000000e+00    0.000000e+00    0.000000e+00
   0.000000e+00    0.000000e+00    0.000000e+00    0.000000e+00
   0.000000e+00    0.000000e+00    0.000000e+00    0.000000e+00
   0.000000e+00    0.000000e+00    0.000000e+00    0.000000e+00
   0.000000e+00    0.000000e+00    0.000000e+00    0.000000e+00
   0.000000e+00    0.000000e+00    0.000000e+00    0.000000e+00
   0.000000e+00    0.000000e+00    0.000000e+00    0.000000e+00
   0.000000e+00    0.000000e+00    0.000000e+00    0.000000e+00
   0.000000e+00    0.000000e+00    0.000000e+00    0.000000e+00
   0.000000e+00    0.000000e+00    0.000000e+00    0.000000e+00
   0.000000e+00    0.000000e+00    0.000000e+00    0.000000e+00
   0.000000e+00    0.000000e+00    0.000000e+00    0.000000e+00
   0.000000e+00    0.000000e+00    0.000000e+00    0.000000e+00
   0.000000e+00    0.000000e+00    0.000000e+00    0.000000e+00
   0.000000e+00    0.000000e+00    0.000000e+00    0.000000e+00
   0.000000e+00    0.000000e+00    0.000000e+00    0.000000e+00
   0.000000e+00    0.000000e+00    0.000000e+00    0.000000e+00
   0.000000e+00    0.000000e+00    0.000000e+00    0.000000e+00
   0.000000e+00    0.000000e+00    0.000000e+00    0.000000e+00
   0.000000e+00    0.000000e+00    0.000000e+00    0.000000e+00
   0.000000e+00    0.000000e+00    0.000000e+00    0.000000e+00
   0.000000e+00    0.000000e+00    0.000000e+00    0.000000e+00
   0.000000e+00    0.000000e+00    0.000000e+00    0.000000e+00
   0.000000e+00    0.000000e+00    0.000000e+00    0.000000e+00
   0.000000e+00    0.000000e+00    0.000000e+00    0.000000e+00
   0.000000e+00    0.000000e+00    0.000000e+00    0.000000e+00
   0.000000e+00    0.000000e+00    0.000000e+00    0.000000e+00
   0.000000e+00    0.000000e+00    0.000000e+00    0.000000e+00
   0.000000e+00    0.000000e+00    0.000000e+00    0.000000e+00
   0.000000e+00    0.000000e+00    0.000000e+00    0.000000e+00
   0.000000e+00    0.000000e+00    0.000000e+00    0.000000e+00
   0.000000e+00    0.000000e+00    0.000000e+00    0.000000e+00
   0.000000e+00    0.000000e+00    0.000000e+00    0.000000e+00
   0.000000e+00    0.000000e+00    0.000000e+00    0.000000e+00
   0.000000e+00    0.000000e+00    0.000000e+00    0.000000e+00
   0.000000e+00    0.000000e+00    0.000000e+00    0.000000e+00
   0.000000e+00    0.000000e+00    0.000000e+00    0.000000e+00
   0.000000e+00    0.000000e+00    0.000000e+00    0.000000e+00
   0.000000e+00    0.000000e+00    0.000000e+00    0.000000e+00
   0.000000e+00    0.000000e+00    0.000000e+00    0.000000e+00
   0.000000e+00    0.000000e+00    0.000000e+00    0.000000e+00
   0.000000e+00    0.000000e+00    0.000000e+00    0.000000e+00
$HISTOGRAM::lumi_ge
type=1;nc=200;xmin=0;xmax=10000;
   2.524936e+34    0.000000e+00    0.000000e+00    0.000000e+00
   0.000000e+00    0.000000e+00    0.000000e+00    0.000000e+00
   0.000000e+00    0.000000e+00    0.000000e+00    0.000000e+00
   0.000000e+00    0.000000e+00    0.000000e+00    0.000000e+00
   0.000000e+00    0.000000e+00    0.000000e+00    0.000000e+00
   0.000000e+00    0.000000e+00    0.000000e+00    0.000000e+00
   0.000000e+00    0.000000e+00    0.000000e+00    0.000000e+00
   0.000000e+00    0.000000e+00    0.000000e+00    0.000000e+00
   0.000000e+00    0.000000e+00    0.000000e+00    0.000000e+00
   0.000000e+00    0.000000e+00    0.000000e+00    0.000000e+00
   0.000000e+00    0.000000e+00    0.000000e+00    0.000000e+00
   0.000000e+00    0.000000e+00    0.000000e+00    0.000000e+00
   0.000000e+00    0.000000e+00    0.000000e+00    0.000000e+00
   0.000000e+00    0.000000e+00    0.000000e+00    0.000000e+00
   0.000000e+00    0.000000e+00    0.000000e+00    0.000000e+00
   0.000000e+00    0.000000e+00    0.000000e+00    0.000000e+00
   0.000000e+00    0.000000e+00    0.000000e+00    0.000000e+00
   0.000000e+00    0.000000e+00    0.000000e+00    0.000000e+00
   0.000000e+00    0.000000e+00    0.000000e+00    0.000000e+00
   0.000000e+00    0.000000e+00    0.000000e+00    0.000000e+00
   0.000000e+00    0.000000e+00    0.000000e+00    0.000000e+00
   0.000000e+00    0.000000e+00    0.000000e+00    0.000000e+00
   0.000000e+00    0.000000e+00    0.000000e+00    0.000000e+00
   0.000000e+00    0.000000e+00    0.000000e+00    0.000000e+00
   0.000000e+00    0.000000e+00    0.000000e+00    0.000000e+00
   0.000000e+00    0.000000e+00    0.000000e+00    0.000000e+00
   0.000000e+00    0.000000e+00    0.000000e+00    0.000000e+00
   0.000000e+00    0.000000e+00    0.000000e+00    0.000000e+00
   0.000000e+00    0.000000e+00    0.000000e+00    0.000000e+00
   0.000000e+00    0.000000e+00    0.000000e+00    0.000000e+00
   0.000000e+00    0.000000e+00    0.000000e+00    0.000000e+00
   0.000000e+00    0.000000e+00    0.000000e+00    0.000000e+00
   0.000000e+00    0.000000e+00    0.000000e+00    0.000000e+00
   0.000000e+00    0.000000e+00    0.000000e+00    0.000000e+00
   0.000000e+00    0.000000e+00    0.000000e+00    0.000000e+00
   0.000000e+00    0.000000e+00    0.000000e+00    0.000000e+00
   0.000000e+00    0.000000e+00    0.000000e+00    0.000000e+00
   0.000000e+00    0.000000e+00    0.000000e+00    0.000000e+00
   0.000000e+00    0.000000e+00    0.000000e+00    0.000000e+00
   0.000000e+00    0.000000e+00    0.000000e+00    0.000000e+00
   0.000000e+00    0.000000e+00    0.000000e+00    0.000000e+00
   0.000000e+00    0.000000e+00    0.000000e+00    0.000000e+00
   0.000000e+00    0.000000e+00    0.000000e+00    0.000000e+00
   0.000000e+00    0.000000e+00    0.000000e+00    0.000000e+00
   0.000000e+00    0.000000e+00    0.000000e+00    0.000000e+00
   0.000000e+00    0.000000e+00    0.000000e+00    0.000000e+00
   0.000000e+00    0.000000e+00    0.000000e+00    0.000000e+00
   0.000000e+00    0.000000e+00    0.000000e+00    0.000000e+00
   0.000000e+00    0.000000e+00    0.000000e+00    0.000000e+00
   0.000000e+00    0.000000e+00    0.000000e+00    0.000000e+00
$HISTOGRAM::lumi_gg
type=1;nc=200;xmin=0;xmax=10000;
   2.596964e+33    0.000000e+00    0.000000e+00    0.000000e+00
   0.000000e+00    0.000000e+00    0.000000e+00    0.000000e+00
   0.000000e+00    0.000000e+00    0.000000e+00    0.000000e+00
   0.000000e+00    0.000000e+00    0.000000e+00    0.000000e+00
   0.000000e+00    0.000000e+00    0.000000e+00    0.000000e+00
   0.000000e+00    0.000000e+00    0.000000e+00    0.000000e+00
   0.000000e+00    0.000000e+00    0.000000e+00    0.000000e+00
   0.000000e+00    0.000000e+00    0.000000e+00    0.000000e+00
   0.000000e+00    0.000000e+00    0.000000e+00    0.000000e+00
   0.000000e+00    0.000000e+00    0.000000e+00    0.000000e+00
   0.000000e+00    0.000000e+00    0.000000e+00    0.000000e+00
   0.000000e+00    0.000000e+00    0.000000e+00    0.000000e+00
   0.000000e+00    0.000000e+00    0.000000e+00    0.000000e+00
   0.000000e+00    0.000000e+00    0.000000e+00    0.000000e+00
   0.000000e+00    0.000000e+00    0.000000e+00    0.000000e+00
   0.000000e+00    0.000000e+00    0.000000e+00    0.000000e+00
   0.000000e+00    0.000000e+00    0.000000e+00    0.000000e+00
   0.000000e+00    0.000000e+00    0.000000e+00    0.000000e+00
   0.000000e+00    0.000000e+00    0.000000e+00    0.000000e+00
   0.000000e+00    0.000000e+00    0.000000e+00    0.000000e+00
   0.000000e+00    0.000000e+00    0.000000e+00    0.000000e+00
   0.000000e+00    0.000000e+00    0.000000e+00    0.000000e+00
   0.000000e+00    0.000000e+00    0.000000e+00    0.000000e+00
   0.000000e+00    0.000000e+00    0.000000e+00    0.000000e+00
   0.000000e+00    0.000000e+00    0.000000e+00    0.000000e+00
   0.000000e+00    0.000000e+00    0.000000e+00    0.000000e+00
   0.000000e+00    0.000000e+00    0.000000e+00    0.000000e+00
   0.000000e+00    0.000000e+00    0.000000e+00    0.000000e+00
   0.000000e+00    0.000000e+00    0.000000e+00    0.000000e+00
   0.000000e+00    0.000000e+00    0.000000e+00    0.000000e+00
   0.000000e+00    0.000000e+00    0.000000e+00    0.000000e+00
   0.000000e+00    0.000000e+00    0.000000e+00    0.000000e+00
   0.000000e+00    0.000000e+00    0.000000e+00    0.000000e+00
   0.000000e+00    0.000000e+00    0.000000e+00    0.000000e+00
   0.000000e+00    0.000000e+00    0.000000e+00    0.000000e+00
   0.000000e+00    0.000000e+00    0.000000e+00    0.000000e+00
   0.000000e+00    0.000000e+00    0.000000e+00    0.000000e+00
   0.000000e+00    0.000000e+00    0.000000e+00    0.000000e+00
   0.000000e+00    0.000000e+00    0.000000e+00    0.000000e+00
   0.000000e+00    0.000000e+00    0.000000e+00    0.000000e+00
   0.000000e+00    0.000000e+00    0.000000e+00    0.000000e+00
   0.000000e+00    0.000000e+00    0.000000e+00    0.000000e+00
   0.000000e+00    0.000000e+00    0.000000e+00    0.000000e+00
   0.000000e+00    0.000000e+00    0.000000e+00    0.000000e+00
   0.000000e+00    0.000000e+00    0.000000e+00    0.000000e+00
   0.000000e+00    0.000000e+00    0.000000e+00    0.000000e+00
   0.000000e+00    0.000000e+00    0.000000e+00    0.000000e+00
   0.000000e+00    0.000000e+00    0.000000e+00    0.000000e+00
   0.000000e+00    0.000000e+00    0.000000e+00    0.000000e+00
   0.000000e+00    0.000000e+00    0.000000e+00    0.000000e+00
$HISTOGRAM::photon_h_e_1
type=4;nc=200;xmin=-0.001;xmax=0.001;
2    2.981337e+06    8.051070e+12
3    1.040374e+05    1.002468e+10
4    1.496071e+06    1.671529e+12
3    1.814630e+06    1.786257e+12
1    3.272024e+04    1.070614e+09
1    2.384213e+05    5.684472e+10
2    1.292122e+06    1.591954e+12
3    1.360287e+06    8.624236e+11
3    1.069052e+04    5.657443e+07
1    2.390581e+05    5.714877e+10
1    1.425740e+04    2.032736e+08
4    3.253394e+06    9.311238e+12
5    7.905857e+05    3.860956e+11
0    0.000000e+00    0.000000e+00
3    8.021246e+06    5.519213e+13
1    8.516763e+04    7.253525e+09
3    4.801382e+05    2.028524e+11
5    3.654206e+06    6.825700e+12
4    8.284931e+05    6.685890e+11
3    1.461295e+06    1.714509e+12
3    1.241564e+06    1.195242e+12
3    4.105937e+06    1.685802e+13
1    2.982042e+05    8.892577e+10
2    6.616496e+05    2.618692e+11
5    4.554107e+05    1.416913e+11
2    9.948769e+04    9.893688e+09
1    7.412368e+05    5.494321e+11
3    1.526374e+06    1.003967e+12
1    2.286776e+06    5.229346e+12
2    1.352752e+07    1.731804e+14
0    0.000000e+00    0.000000e+00
6    6.867995e+06    2.434520e+13
1    2.573617e+05    6.623507e+10
2    1.855179e+04    3.130659e+08
4    1.024406e+06    7.526677e+11
3    3.484063e+05    7.863344e+10
3    1.630091e+05    1.527616e+10
6    9.750279e+05    6.880512e+11
6    1.195109e+07    9.808570e+13
2    3.644969e+05    1.325453e+11
4    8.623974e+06    3.688857e+13
10    4.192437e+06    5.480458e+12
2    2.934870e+05    8.196995e+10
4    1.144787e+06    6.550670e+11
8    4.284834e+06    4.994163e+12
5    1.757800e+06    1.087358e+12
2    2.039824e+06    3.778963e+12
4    2.104494e+06    1.644306e+12
2    1.969465e+05    2.006012e+10
3    3.431554e+06    7.208981e+12
3    7.566189e+04    2.696503e+09
6    3.277925e+06    6.679858e+12
2    2.555265e+05    6.330148e+10
2    3.734832e+06    1.360726e+13
5    1.191849e+06    7.200680e+11
5    2.338328e+06    3.416429e+12
1    3.260580e+05    1.063138e+11
5    6.494993e+06    2.602187e+13
7    2.679957e+06    2.653478e+12
2    2.654096e+06    6.649705e+12
6    1.112979e+06    7.513337e+11
6    6.533156e+06    1.131446e+13
1    7.721721e+02    5.962498e+05
4    2.019501e+06    1.841291e+12
3    4.379594e+04    7.248252e+08
3    2.614214e+05    5.056829e+10
5    2.473189e+06    2.245329e+12
2    1.025196e+06    1.042281e+12
2    3.260283e+05    1.037270e+11
5    4.452805e+06    9.040148e+12
6    4.584675e+06    1.012482e+13
2    9.213478e+03    4.587223e+07
7    1.349262e+06    5.657075e+11
0    0.000000e+00    0.000000e+00
5    4.462988e+06    1.462773e+13
6    2.089082e+06    3.124430e+12
4    9.813177e+06    6.606686e+13
6    6.003260e+06    2.863496e+13
3    4.054686e+05    1.327334e+11
4    7.082840e+06    3.605723e+13
4    3.587686e+06    7.547842e+12
8    1.662800e+06    8.471254e+11
8    9.137418e+06    2.572379e+13
7    8.096590e+05    2.310309e+11
9    9.260037e+06    6.199070e+13
3    9.345026e+05    3.903152e+11
4    1.873777e+06    1.986114e+12
2    9.019864e+05    5.951704e+11
7    1.895348e+06    1.556869e+12
7    6.005210e+06    1.859608e+13
7    4.884750e+06    1.367234e+13
3    2.011702e+06    2.657279e+12
1    3.623769e+05    1.313170e+11
9    7.453937e+06    4.027280e+13
2    1.087094e+06    1.170034e+12
5    1.417791e+06    8.276606e+11
8    3.370651e+06    4.979643e+12
2    2.559843e+06    3.697288e+12
4    4.189737e+06    1.291102e+13
9    4.280535e+06    7.098515e+12
5    5.968525e+05    2.879656e+11
2    1.143948e+06    1.305358e+12
5    1.027057e+06    5.549511e+11
7    5.657463e+06    1.281859e+13
2    1.078488e+05    1.157917e+10
5    4.173583e+06    1.040795e+13
3    3.402232e+05    1.033417e+11
4    1.500219e+06    1.307779e+12
14    8.351733e+06    1.474829e+13
6    2.900604e+05    4.363559e+10
4    1.474690e+06    9.739057e+11
0    0.000000e+00    0.000000e+00
7    2.764200e+06    2.757119e+12
4    1.517700e+06    1.131376e+12
5    1.707701e+07    1.324830e+14
3    1.715511e+06    1.225023e+12
4    2.162147e+06    3.715857e+12
4    1.364051e+06    8.753462e+11
5    2.850430e+06    4.074153e+12
6    5.199005e+06    1.515863e+13
7    1.778454e+06    9.420742e+11
4    2.250016e+06    4.170559e+12
6    2.979623e+06    4.266955e+12
7    5.429529e+06    1.373078e+13
5    3.811605e+06    6.469705e+12
10    2.255542e+06    3.031286e+12
8    2.939971e+06    2.739163e+12
10    7.970950e+06    1.501288e+13
8    4.269186e+06    1.566046e+13
11    5.757495e+06    6.141077e+12
4    1.899809e+06    2.016065e+12
5    2.960006e+05    5.392766e+10
2    1.439674e+05    1.119287e+10
2    2.528502e+04    4.339853e+08
3    1.016589e+06    9.285439e+11
3    1.430740e+06    1.325154e+12
8    7.974384e+06    3.488688e+13
4    1.899604e+06    1.199010e+12
5    9.788093e+04    3.965687e+09
7    5.532786e+06    1.145647e+13
2    2.130544e+06    2.465363e+12
3    3.396916e+05    1.081675e+11
4    1.616801e+06    1.041144e+12
8    8.521716e+06    2.371841e+13
5    6.470378e+05    2.046080e+11
4    7.143769e+06    3.987956e+13
8    2.738332e+06    2.733086e+12
3    7.222683e+05    2.817006e+11
4    3.528196e+06    5.255921e+12
5    5.112369e+06    2.478275e+13
3    2.574125e+06    2.252346e+12
1    1.737327e+02    3.018306e+04
2    1.005214e+07    5.088063e+13
3    4.915915e+05    2.070339e+11
1    3.514291e+03    1.235024e+07
4    8.142763e+05    5.152694e+11
3    6.842728e+05    2.628472e+11
7    5.261073e+06    4.851294e+12
2    1.000751e+06    7.645845e+11
3    4.235568e+05    1.716096e+11
1    1.046045e+06    1.094210e+12
4    8.629624e+05    2.578332e+11
1    2.356240e+05    5.551866e+10
5    3.517076e+06    9.835369e+12
4    2.187947e+05    3.301320e+10
3    7.041653e+05    4.009280e+11
4    8.826687e+05    7.122462e+11
7    2.770161e+06    4.706893e+12
2    8.581817e+06    6.808221e+13
4    1.250166e+06    1.352462e+12
4    1.726237e+05    2.460226e+10
4    4.277117e+05    9.434159e+10
2    5.130993e+05    1.909561e+11
3    2.195760e+06    4.383638e+12
2    1.798323e+06    3.213270e+12
3    1.259234e+06    1.541898e+12
3    2.936232e+06    8.372549e+12
1    5.591439e+04    3.126419e+09
1    2.959488e+04    8.758568e+08
3    3.414487e+06    4.605876e+12
2    1.061355e+05    1.003059e+10
5    1.029461e+06    6.801228e+11
2    4.192158e+04    8.793848e+08
1    1.522147e+03    2.316931e+06
0    0.000000e+00    0.000000e+00
1    2.660150e+05    7.076397e+10
3    2.920533e+05    3.587185e+10
4    3.419298e+05    3.860937e+10
1    6.658337e+02    4.433346e+05
2    3.111208e+05    5.658278e+10
2    1.165751e+02    1.358205e+04
4    2.152832e+05    3.074332e+10
4    4.706993e+05    1.318599e+11
2    5.918457e+05    2.063229e+11
4    4.708127e+05    9.809591e+10
1    3.449829e+04    1.190132e+09
3    3.490242e+06    4.886027e+12
1    4.791592e+04    2.295935e+09
1    2.564049e+06    6.574346e+12
1    5.856317e+03    3.429645e+07
$HISTOGRAM::photon_h_e_2
type=4;nc=200;xmin=-0.001;xmax=0.001;
0    0.000000e+00    0.000000e+00
1    3.984375e+06    1.587525e+13
1    5.652418e+06    3.194982e+13
0    0.000000e+00    0.000000e+00
4    2.254499e+06    2.437990e+12
1    7.139132e+06    5.096721e+13
0    0.000000e+00    0.000000e+00
1    5.435922e+05    2.954925e+11
2    6.714949e+06    2.407238e+13
3    2.849365e+05    4.124942e+10
3    4.965989e+05    9.958902e+10
2    3.018498e+05    5.925478e+10
1    3.098590e+03    9.601259e+06
2    1.376523e+06    1.854820e+12
2    2.241005e+06    4.509200e+12
2    9.500073e+04    4.615332e+09
5    1.307971e+06    6.670935e+11
5    1.127621e+06    5.139857e+11
0    0.000000e+00    0.000000e+00
4    9.506577e+05    6.231450e+11
1    1.497348e+05    2.242052e+10
1    6.083417e+04    3.700796e+09
4    1.699330e+06    1.130470e+12
5    1.511180e+06    6.605372e+11
2    6.486392e+04    3.186301e+09
3    2.389191e+04    3.817942e+08
1    3.721898e+05    1.385253e+11
2    3.902096e+05    1.207254e+11
3    1.015959e+05    1.031147e+10
5    2.573718e+05    1.978701e+10
3    1.668922e+06    2.500791e+12
4    1.114422e+06    5.935587e+11
4    2.926608e+06    4.694962e+12
4    5.497378e+06    2.207279e+13
3    3.303617e+06    1.063455e+13
6    3.409882e+06    5.619894e+12
6    5.113222e+06    1.017757e+13
5    2.575351e+06    2.841061e+12
2    1.493246e+05    2.229385e+10
4    1.024148e+06    8.579951e+11
4    1.096139e+07    6.154838e+13
2    7.591440e+05    4.258567e+11
6    2.585449e+06    1.480909e+12
4    1.209324e+06    1.105380e+12
4    5.712635e+06    3.173411e+13
6    1.886353e+06    2.201381e+12
3    9.291775e+05    3.156519e+11
3    6.487899e+05    2.332274e+11
4    1.185655e+05    5.122268e+09
3    2.780219e+05    5.137694e+10
6    3.496282e+06    5.802402e+12
1    8.687195e+05    7.546735e+11
6    2.903304e+06    4.922995e+12
3    6.705059e+05    2.278437e+11
3    1.940541e+06    2.697765e+12
4    2.084424e+06    3.833082e+12
5    9.867765e+04    4.439261e+09
3    1.491985e+06    8.183186e+11
4    3.591241e+06    6.513495e+12
7    3.336779e+06    9.251080e+12
1    3.053622e+05    9.324607e+10
5    1.128187e+07    6.269677e+13
5    2.372814e+06    2.641213e+12
6    6.206250e+06    1.428387e+13
4    2.273085e+06    2.626990e+12
5    2.011489e+06    3.047940e+12
4    6.766055e+05    2.244058e+11
4    9.349951e+05    6.575216e+11
3    5.918765e+05    1.581625e+11
6    4.741439e+06    7.940090e+12
5    6.576711e+06    1.541232e+13
7    6.839781e+06    1.836842e+13
8    1.159773e+06    5.210638e+11
5    3.289063e+06    1.032915e+13
5    3.511818e+06    1.052465e+13
7    4.297217e+06    4.345710e+12
3    9.405636e+06    4.466432e+13
5    2.537094e+06    2.397969e+12
7    1.818760e+07    1.670324e+14
6    7.317345e+06    2.201611e+13
6    2.417213e+06    2.282323e+12
9    3.904777e+06    3.953796e+12
3    2.878846e+06    4.537720e+12
3    8.262728e+05    3.703756e+11
2    1.986816e+06    2.003186e+12
5    9.678516e+06    3.985208e+13
2    2.384288e+06    5.197394e+12
5    7.413473e+05    2.476362e+11
7    4.534401e+06    5.495073e+12
5    4.933742e+05    1.322856e+11
6    4.379825e+06    1.245701e+13
1    4.069993e+04    1.656484e+09
8    6.272356e+06    2.267629e+13
9    1.515863e+06    1.726964e+12
5    1.315112e+06    7.506226e+11
4    1.255038e+06    7.384311e+11
6    3.266611e+06    3.580031e+12
1    3.043289e+02    9.261608e+04
2    3.974338e+06    1.452801e+13
3    4.178398e+05    1.297082e+11
3    6.118779e+05    2.972908e+11
5    3.776634e+06    1.033108e+13
11    1.469947e+06    7.169091e+11
6    6.945459e+05    4.010257e+11
7    5.353767e+06    2.013206e+13
6    7.648886e+06    2.814753e+13
5    5.452618e+05    1.088800e+11
3    1.742981e+06    2.034842e+12
4    1.087730e+05    1.144758e+10
6    1.972150e+06    1.354014e+12
3    1.651216e+06    1.444850e+12
3    1.585459e+06    1.610766e+12
5    1.088037e+06    3.642007e+11
9    4.926407e+06    7.682612e+12
3    1.267769e+06    1.487402e+12
6    1.271461e+06    5.208083e+11
3    1.601012e+06    2.463999e+12
8    4.341701e+06    4.473566e+12
7    5.221406e+06    7.969465e+12
8    6.713045e+06    1.750868e+13
5    9.191055e+05    3.465642e+11
5    1.943593e+06    2.721312e+12
4    1.599084e+05    1.072285e+10
1    9.883952e+03    9.769250e+07
1    1.092519e+04    1.193598e+08
4    2.438134e+06    4.619558e+12
2    2.014331e+06    3.785131e+12
4    6.726256e+05    2.467984e+11
6    2.944043e+06    3.677632e+12
5    1.395226e+07    1.656888e+14
3    1.101526e+06    1.167301e+12
10    1.205376e+07    6.736491e+13
4    2.510094e+06    2.635421e+12
2    2.041881e+06    3.113859e+12
6    1.179737e+06    4.925531e+11
5    4.746897e+06    8.959009e+12
4    3.785842e+06    1.023061e+13
2    8.293770e+05    6.062484e+11
5    4.886699e+06    9.806450e+12
7    2.896684e+06    3.855415e+12
4    6.922725e+05    2.469769e+11
6    9.298562e+06    3.044044e+13
8    1.064522e+07    5.830946e+13
6    5.659274e+05    1.492657e+11
7    4.560701e+06    8.670816e+12
6    1.092967e+06    5.013534e+11
5    3.493086e+06    3.726244e+12
3    2.664845e+05    3.657358e+10
2    3.497534e+05    1.158659e+11
2    3.706538e+03    7.412530e+06
6    5.021453e+06    6.916546e+12
2    4.845146e+05    1.421657e+11
3    6.481449e+04    2.096970e+09
0    0.000000e+00    0.000000e+00
4    8.277388e+05    4.209784e+11
7    1.224274e+06    8.853495e+11
2    1.307214e+06    1.365410e+12
5    4.279432e+06    1.542697e+13
2    6.151572e+06    2.695766e+13
3    2.751813e+06    3.988416e+12
7    1.947989e+06    8.212695e+11
2    2.860973e+06    4.098791e+12
4    6.890475e+05    2.245473e+11
5    3.241373e+05    3.508968e+10
4    1.172201e+06    1.242724e+12
4    1.436835e+06    5.950359e+11
8    6.209951e+06    2.108777e+13
4    1.606064e+05    1.302597e+10
1    1.306727e+06    1.707535e+12
4    1.698319e+06    1.296810e+12
6    2.774566e+06    3.289173e+12
2    2.735653e+06    7.420083e+12
3    5.245607e+05    1.928199e+11
1    8.023547e+01    6.437731e+03
2    8.578170e+04    7.357983e+09
4    1.496580e+06    7.826644e+11
3    1.045187e+06    6.729163e+11
3    5.143421e+06    2.294887e+13
2    1.283389e+06    1.351513e+12
3    7.374420e+05    4.718146e+11
5    1.790917e+06    2.815979e+12
4    1.779319e+06    1.818800e+12
2    1.924176e+03    3.702421e+06
4    4.519700e+06    1.929841e+13
2    1.891457e+06    2.971257e+12
2    1.715874e+06    1.798059e+12
2    2.329253e+06    5.336087e+12
4    9.703238e+05    5.961998e+11
0    0.000000e+00    0.000000e+00
1    1.903255e+05    3.622380e+10
1    6.269941e+05    3.931216e+11
0    0.000000e+00    0.000000e+00
1    1.548032e+04    2.396405e+08
2    2.547077e+06    6.441333e+12
1    6.861600e+05    4.708155e+11
1    1.786282e+05    3.190803e+10
1    3.890868e+03    1.513885e+07
2    2.251782e+06    4.831639e+12
0    0.000000e+00    0.000000e+00
3    9.513356e+05    6.153055e+11
$HISTOGRAM::photon_v_e_1
type=4;nc=200;xmin=-0.001;xmax=0.001;
4    9.977178e+06    6.609034e+13
0    0.000000e+00    0.000000e+00
1    4.596219e+05    2.112523e+11
0    0.000000e+00    0.000000e+00
1    2.476911e+04    6.135088e+08
2    1.187971e+06    7.605415e+11
3    8.953951e+06    5.074931e+13
2    1.936868e+06    1.901372e+12
2    9.249772e+04    8.528530e+09
2    4.144053e+05    8.677333e+10
4    1.807200e+06    2.896224e+12
3    4.638189e+06    1.130519e+13
3    5.840754e+05    1.547557e+11
0    0.000000e+00    0.000000e+00
2    3.505163e+05    1.072604e+11
2    1.301637e+06    1.149185e+12
3    1.320623e+06    7.641500e+11
1    3.522398e+04    1.240729e+09
1    5.897794e+06    3.478397e+13
1    4.359223e+05    1.900283e+11
0    0.000000e+00    0.000000e+00
2    1.005870e+04    9.456284e+07
3    5.003139e+05    1.198868e+11
8    1.752319e+06    7.879784e+11
0    0.000000e+00    0.000000e+00
3    1.539398e+06    1.438228e+12
4    1.540265e+06    1.954023e+12
2    4.498369e+05    1.416706e+11
3    1.313204e+06    7.653656e+11
3    7.312666e+05    4.816455e+11
3    1.040735e+06    1.049763e+12
6    2.547226e+06    2.978304e+12
0    0.000000e+00    0.000000e+00
3    5.754320e+05    1.558991e+11
3    2.091604e+05    3.441827e+10
3    5.096275e+06    2.018052e+13
2    1.004875e+06    7.148885e+11
4    1.028082e+05    5.682523e+09
8    4.228838e+06    3.513651e+12
1    3.360753e+05    1.129466e+11
3    4.594351e+05    2.057664e+11
3    9.139493e+05    7.483209e+11
1    5.130790e+05    2.632501e+11
2    3.160218e+05    6.054718e+10
3    4.287210e+06    9.489339e+12
4    3.420873e+05    9.112493e+10
3    8.576161e+05    3.709236e+11
3    1.854108e+05    1.294286e+10
4    7.714992e+06    3.482110e+13
4    6.820457e+05    1.387320e+11
7    5.878880e+06    1.318260e+13
6    8.162632e+06    3.147635e+13
4    1.065785e+05    9.686718e+09
2    1.201033e+05    1.075877e+10
6    2.605562e+06    2.886441e+12
5    2.405587e+05    2.524091e+10
2    3.382350e+04    8.937380e+08
3    1.644902e+06    1.348604e+12
2    1.306113e+05    1.653585e+10
3    6.278321e+06    2.040285e+13
3    1.543652e+06    1.211306e+12
8    4.078319e+06    4.541919e+12
3    5.068126e+05    2.075756e+11
5    1.930760e+06    9.782428e+11
3    4.158318e+06    1.093316e+13
7    4.409245e+05    9.597672e+10
5    4.090042e+06    4.674937e+12
6    3.341007e+06    4.024515e+12
5    7.215805e+05    1.852196e+11
4    4.795309e+05    9.514490e+10
3    1.197388e+06    1.400533e+12
7    7.897449e+06    2.011443e+13
4    6.476653e+06    3.982191e+13
4    2.727976e+06    5.410369e+12
6    4.850198e+06    8.604597e+12
7    3.151973e+06    7.680845e+12
3    2.891143e+05    4.208529e+10
8    3.816410e+06    4.261616e+12
6    1.735901e+06    8.446314e+11
5    5.354679e+05    1.285917e+11
6    1.750311e+06    9.531722e+11
3    1.972132e+06    3.688996e+12
4    2.422851e+06    2.863742e+12
6    1.820102e+06    9.762391e+11
6    1.103911e+06    5.515991e+11
6    5.979816e+06    1.421258e+13
6    3.631135e+06    4.873294e+12
6    1.971143e+06    1.882836e+12
7    1.414383e+07    1.003442e+14
5    2.207681e+06    2.719910e+12
6    4.536465e+06    5.391937e+12
8    4.472699e+06    4.954822e+12
8    4.017944e+06    4.438708e+12
5    3.510948e+06    4.161000e+12
5    8.478685e+05    4.208487e+11
7    7.410869e+06    2.853162e+13
5    3.665003e+06    5.210260e+12
5    9.573290e+06    4.569507e+13
6    5.207845e+06    2.143842e+13
3    1.839966e+06    3.328429e+12
13    1.164430e+07    2.747225e+13
4    6.756301e+06    3.954237e+13
6    2.404460e+06    2.081785e+12
6    9.161700e+06    4.076922e+13
4    4.389076e+06    9.380853e+12
8    7.886528e+06    1.425913e+13
5    1.101537e+07    7.391204e+13
6    8.467590e+06    3.725425e+13
7    1.118182e+06    8.050262e+11
2    1.392040e+05    9.871655e+09
6    1.074574e+06    8.113850e+11
6    6.936443e+06    2.693362e+13
4    3.069910e+05    3.511467e+10
4    6.027794e+05    2.823050e+11
6    7.682226e+06    2.027948e+13
1    1.478662e+06    2.186441e+12
5    4.593737e+06    1.304547e+13
9    4.599300e+06    1.074982e+13
4    5.390125e+05    1.340001e+11
3    7.206819e+05    3.885674e+11
4    2.223343e+05    2.182623e+10
3    2.777577e+06    3.883061e+12
4    1.642136e+06    2.134691e+12
7    6.622196e+06    1.950222e+13
8    1.527422e+07    1.750627e+14
11    2.131124e+06    1.663666e+12
7    1.551327e+06    1.867905e+12
3    9.842189e+05    7.387730e+11
5    2.253083e+05    2.557975e+10
9    1.732674e+06    1.358251e+12
5    9.743799e+06    5.717818e+13
3    1.990241e+06    3.483915e+12
7    8.144972e+06    2.664627e+13
4    8.397230e+06    3.712540e+13
6    5.224368e+06    9.252874e+12
4    5.541030e+05    1.175515e+11
3    2.109532e+05    2.074128e+10
4    2.959083e+06    6.776809e+12
6    1.385972e+06    9.107864e+11
5    4.055353e+06    8.017337e+12
4    5.354966e+05    1.082723e+11
4    8.660987e+05    7.115668e+11
4    4.810351e+06    1.608818e+13
5    1.567123e+06    1.536064e+12
4    3.008178e+06    4.056484e+12
1    6.816484e+05    4.646445e+11
4    1.309614e+06    8.195988e+11
3    2.638895e+05    5.085869e+10
6    4.724557e+05    1.575129e+11
2    1.776000e+04    1.909519e+08
10    1.442617e+07    9.972127e+13
4    3.065146e+06    5.211198e+12
5    2.255814e+06    1.638336e+12
6    5.463655e+06    1.137591e+13
3    1.187143e+06    8.494819e+11
2    6.644082e+05    3.242681e+11
3    1.885636e+05    3.349949e+10
0    0.000000e+00    0.000000e+00
5    1.037929e+06    4.572961e+11
6    1.125321e+06    5.335975e+11
1    1.021286e+05    1.043025e+10
6    1.052849e+06    6.656933e+11
5    1.267462e+06    4.804287e+11
3    3.365272e+06    9.382189e+12
1    3.415264e+04    1.166403e+09
8    1.237881e+06    7.851362e+11
5    2.052509e+06    2.155770e+12
2    8.561376e+05    3.894621e+11
6    1.997159e+06    1.328436e+12
3    8.730600e+04    4.313863e+09
2    3.752118e+04    1.407662e+09
1    6.083889e+01    3.701371e+03
0    0.000000e+00    0.000000e+00
1    7.432636e+04    5.524408e+09
4    1.748720e+05    1.508986e+10
1    7.021083e+05    4.929561e+11
2    1.231473e+06    1.486993e+12
3    1.942637e+06    2.062914e+12
1    5.689964e+05    3.237569e+11
4    3.359285e+06    7.999568e+12
1    1.815961e+04    3.297713e+08
1    2.037967e+04    4.153310e+08
3    3.734749e+06    1.286623e+13
2    6.355475e+05    2.365557e+11
1    1.227122e+03    1.505829e+06
4    3.575378e+06    4.693882e+12
4    4.718353e+06    9.701115e+12
4    1.183523e+05    5.862632e+09
2    3.707405e+05    7.310134e+10
2    4.914676e+05    2.415381e+11
0    0.000000e+00    0.000000e+00
2    2.381406e+04    4.098699e+08
2    3.144929e+05    9.865212e+10
2    4.865249e+06    2.286431e+13
2    2.535743e+05    4.345093e+10
1    1.382247e+03    1.910606e+06
4    1.177150e+06    8.986318e+11
0    0.000000e+00    0.000000e+00
3    1.318981e+06    7.616837e+11
3    1.095808e+05    4.917016e+09
$HISTOGRAM::photon_v_e_2
type=4;nc=200;xmin=-0.001;xmax=0.001;
2    7.420085e+05    2.816849e+11
2    1.130635e+06    1.088577e+12
2    1.605506e+06    1.635088e+12
1    2.154364e+02    4.641286e+04
1    3.010705e+00    9.064347e+00
2    3.199679e+06    5.771952e+12
1    2.951780e+05    8.713008e+10
0    0.000000e+00    0.000000e+00
2    9.842678e+05    9.515105e+11
3    1.003862e+06    7.729053e+11
6    6.008868e+06    3.182204e+13
3    1.769357e+06    3.022657e+12
3    6.070770e+05    1.284229e+11
1    7.003788e+05    4.905305e+11
1    2.191040e+05    4.800656e+10
2    1.783757e+06    2.057282e+12
2    8.260155e+04    6.822708e+09
4    1.053881e+06    7.937986e+11
4    1.739568e+06    1.625315e+12
0    0.000000e+00    0.000000e+00
2    3.811195e+05    1.429094e+11
3    5.176909e+06    2.026203e+13
0    0.000000e+00    0.000000e+00
1    5.610621e+05    3.147907e+11
0    0.000000e+00    0.000000e+00
4    3.127288e+06    7.584452e+12
5    1.181380e+07    6.712643e+13
4    2.660490e+06    6.797945e+12
4    2.152611e+06    4.214258e+12
2    2.935549e+04    7.228709e+08
4    2.468134e+06    2.979434e+12
6    4.110281e+06    5.382019e+12
2    3.967598e+06    1.147192e+13
3    1.666356e+06    1.971873e+12
2    3.823098e+06    8.644058e+12
2    8.533215e+03    7.236571e+07
6    1.938947e+06    1.851587e+12
8    3.194554e+06    5.612088e+12
5    2.861380e+06    4.774772e+12
3    1.756549e+06    1.967376e+12
5    4.996674e+06    1.260777e+13
5    8.252201e+06    4.090934e+13
3    3.461165e+05    9.490256e+10
5    2.598498e+06    3.247496e+12
0    0.000000e+00    0.000000e+00
6    3.535831e+05    4.283111e+10
5    4.025290e+06    1.324551e+13
1    1.625194e+04    2.641257e+08
3    1.798281e+05    1.491525e+10
6    8.528017e+05    3.127707e+11
6    4.696495e+05    1.325585e+11
2    6.125277e+04    2.585402e+09
8    4.834313e+06    1.139715e+13
5    5.741577e+06    2.322143e+13
5    6.486288e+06    3.167426e+13
5    2.914709e+06    6.511729e+12
9    1.939647e+06    1.062915e+12
4    4.000763e+06    1.452389e+13
8    2.442207e+06    1.898912e+12
4    1.210430e+06    1.421880e+12
3    2.248222e+05    2.572027e+10
2    5.613174e+04    2.348945e+09
1    4.659869e+03    2.171438e+07
8    1.359302e+06    5.752319e+11
7    9.590815e+06    3.174472e+13
5    2.898786e+05    6.809258e+10
7    4.001657e+06    6.405555e+12
8    5.422864e+06    1.342587e+13
4    1.434007e+06    2.026585e+12
6    1.037433e+07    5.935033e+13
5    4.552026e+06    1.411947e+13
4    3.144712e+06    9.226957e+12
7    4.208250e+06    4.964555e+12
1    4.258089e+03    1.813133e+07
3    2.134520e+05    3.152762e+10
2    8.600107e+05    5.463057e+11
8    7.965323e+06    1.348033e+13
6    5.002871e+05    7.946248e+10
4    2.311213e+06    5.254824e+12
3    3.533766e+06    7.641602e+12
7    2.621538e+06    3.296019e+12
3    1.089667e+06    8.732527e+11
1    5.405811e+05    2.922279e+11
5    7.497404e+05    1.784918e+11
6    3.100339e+06    3.560641e+12
6    2.606348e+06    4.271845e+12
5    2.970247e+06    3.803556e+12
6    2.706083e+06    1.836342e+12
6    1.704214e+06    1.040836e+12
7    7.344511e+06    2.346448e+13
3    4.701244e+05    8.104051e+10
2    4.403885e+05    1.551287e+11
11    4.534924e+06    5.633912e+12
6    1.650399e+06    1.304262e+12
3    8.541210e+05    5.834074e+11
6    2.497002e+06    1.872400e+12
5    7.059357e+06    2.670045e+13
4    6.540749e+05    1.848139e+11
4    1.836071e+06    1.815515e+12
6    3.608474e+06    4.082075e+12
4    2.745271e+06    3.599082e+12
4    9.034179e+05    2.756899e+11
5    9.839458e+05    3.802309e+11
6    1.672751e+06    8.057622e+11
9    3.184460e+06    2.856149e+12
7    4.123948e+06    1.058827e+13
10    1.671114e+07    1.710512e+14
5    8.870839e+06    4.801970e+13
9    5.549429e+05    1.071527e+11
5    2.328273e+06    2.835634e+12
3    4.720398e+05    2.132392e+11
4    8.808423e+06    3.828638e+13
5    4.266273e+05    8.391481e+10
8    8.503772e+06    1.868795e+13
13    1.637796e+07    4.696424e+13
9    3.758838e+06    3.554257e+12
3    1.717172e+06    2.202025e+12
8    9.627353e+05    3.697521e+11
3    4.611581e+05    1.857600e+11
3    2.884562e+06    5.062149e+12
6    1.314135e+06    7.488069e+11
6    4.243314e+06    4.566907e+12
7    5.792655e+06    2.033699e+13
4    2.683290e+06    5.979055e+12
7    3.585355e+06    6.315494e+12
3    2.074975e+06    2.153603e+12
5    4.052753e+06    5.544045e+12
7    9.251075e+06    2.991129e+13
5    5.187273e+06    1.296786e+13
5    3.587413e+06    1.226138e+13
4    1.206140e+06    7.245858e+11
5    1.639207e+06    1.006725e+12
4    3.017385e+06    5.426281e+12
3    1.498139e+05    9.858050e+09
2    5.411057e+04    1.684855e+09
2    4.449666e+05    1.921155e+11
4    2.419050e+06    3.911056e+12
4    3.416804e+06    5.958287e+12
2    9.454223e+05    4.737648e+11
8    5.300277e+06    8.488746e+12
5    3.111272e+06    7.817852e+12
3    3.613994e+06    1.262746e+13
4    1.663866e+06    2.462604e+12
6    1.378313e+06    9.471993e+11
4    1.037013e+06    8.489107e+11
5    4.422605e+05    9.353928e+10
0    0.000000e+00    0.000000e+00
3    3.133884e+05    9.695964e+10
2    1.950618e+04    3.549327e+08
6    2.851995e+06    1.895048e+12
5    3.856817e+06    6.393365e+12
1    8.003010e+05    6.404817e+11
1    1.614435e+05    2.606401e+10
3    2.976114e+06    4.431998e+12
5    1.911961e+06    3.355745e+12
1    2.483657e+06    6.168554e+12
3    1.734939e+06    2.814816e+12
6    3.747120e+06    4.686600e+12
2    5.230541e+05    1.505373e+11
4    9.149432e+04    3.909858e+09
4    4.404190e+06    1.102114e+13
3    7.428885e+06    3.366900e+13
5    5.059569e+05    8.135203e+10
5    2.955460e+06    2.904349e+12
1    4.842130e+06    2.344622e+13
2    1.944283e+06    3.780224e+12
6    3.689033e+06    5.143449e+12
1    3.213933e+03    1.032937e+07
2    7.241049e+04    5.220723e+09
4    1.209482e+06    6.347192e+11
3    1.487365e+06    2.208772e+12
7    9.536059e+05    2.966987e+11
4    2.167948e+06    3.857510e+12
3    1.034246e+05    7.456836e+09
4    1.066947e+06    9.861988e+11
3    8.021921e+05    5.273612e+11
4    7.021651e+05    2.785714e+11
1    1.957987e+00    3.833713e+00
1    2.203541e+04    4.855592e+08
3    4.312287e+06    1.750209e+13
2    2.387900e+05    4.047956e+10
2    6.285264e+05    2.238948e+11
3    8.470997e+06    5.631029e+13
8    1.442486e+06    7.052420e+11
2    2.884182e+05    4.264844e+10
2    8.894281e+05    4.067667e+11
2    4.640506e+06    1.970423e+13
4    1.561077e+06    1.442046e+12
2    3.223347e+05    9.769904e+10
4    1.019234e+06    4.406787e+11
2    7.115405e+04    5.062897e+09
0    0.000000e+00    0.000000e+00
4    3.904014e+05    5.229281e+10
1    2.251794e+04    5.070577e+08
0    0.000000e+00    0.000000e+00
0    0.000000e+00    0.000000e+00
3    9.045277e+04    6.702518e+09
2    7.720774e+05    5.899509e+11
0    0.000000e+00    0.000000e+00
0    0.000000e+00    0.000000e+00
$HISTOGRAM::photon_h_n_1
type=4;nc=200;xmin=-0.001;xmax=0.001;
2    7.200000e+08    2.592000e+17
3    1.080000e+09    3.888000e+17
4    1.440000e+09    5.184000e+17
3    1.080000e+09    3.888000e+17
1    3.600000e+08    1.296000e+17
1    3.600000e+08    1.296000e+17
2    7.200000e+08    2.592000e+17
3    1.080000e+09    3.888000e+17
3    1.080000e+09    3.888000e+17
1    3.600000e+08    1.296000e+17
1    3.600000e+08    1.296000e+17
4    1.440000e+09    5.184000e+17
5    1.800000e+09    6.480000e+17
0    0.000000e+00    0.000000e+00
3    1.080000e+09    3.888000e+17
1    3.600000e+08    1.296000e+17
3    1.080000e+09    3.888000e+17
5    1.800000e+09    6.480000e+17
4    1.440000e+09    5.184000e+17
3    1.080000e+09    3.888000e+17
3    1.080000e+09    3.888000e+17
3    1.080000e+09    3.888000e+17
1    3.600000e+08    1.296000e+17
2    7.200000e+08    2.592000e+17
5    1.800000e+09    6.480000e+17
2    7.200000e+08    2.592000e+17
1    3.600000e+08    1.296000e+17
3    1.080000e+09    3.888000e+17
1    3.600000e+08    1.296000e+17
2    7.200000e+08    2.592000e+17
0    0.000000e+00    0.000000e+00
6    2.160000e+09    7.776000e+17
1    3.600000e+08    1.296000e+17
2    7.200000e+08    2.592000e+17
4    1.440000e+09    5.184000e+17
3    1.080000e+09    3.888000e+17
3    1.080000e+09    3.888000e+17
6    2.160000e+09    7.776000e+17
6    2.160000e+09    7.776000e+17
2    7.200000e+08    2.592000e+17
4    1.440000e+09    5.184000e+17
10    3.600000e+09    1.296000e+18
2    7.200000e+08    2.592000e+17
4    1.440000e+09    5.184000e+17
8    2.880000e+09    1.036800e+18
5    1.800000e+09    6.480000e+17
2    7.200000e+08    2.592000e+17
4    1.440000e+09    5.184000e+17
2    7.200000e+08    2.592000e+17
3    1.080000e+09    3.888000e+17
3    1.080000e+09    3.888000e+17
6    2.160000e+09    7.776000e+17
2    7.200000e+08    2.592000e+17
2    7.200000e+08    2.592000e+17
5    1.800000e+09    6.480000e+17
5    1.800000e+09    6.480000e+17
1    3.600000e+08    1.296000e+17
5    1.800000e+09    6.480000e+17
7    2.520000e+09    9.072000e+17
2    7.200000e+08    2.592000e+17
6    2.160000e+09    7.776000e+17
6    2.160000e+09    7.776000e+17
1    3.600000e+08    1.296000e+17
4    1.440000e+09    5.184000e+17
3    1.080000e+09    3.888000e+17
3    1.080000e+09    3.888000e+17
5    1.800000e+09    6.480000e+17
2    7.200000e+08    2.592000e+17
2    7.200000e+08    2.592000e+17
5    1.800000e+09    6.480000e+17
6    2.160000e+09    7.776000e+17
2    7.200000e+08    2.592000e+17
7    2.520000e+09    9.072000e+17
0    0.000000e+00    0.000000e+00
5    1.800000e+09    6.480000e+17
6    2.160000e+09    7.776000e+17
4    1.440000e+09    5.184000e+17
6    2.160000e+09    7.776000e+17
3    1.080000e+09    3.888000e+17
4    1.440000e+09    5.184000e+17
4    1.440000e+09    5.184000e+17
8    2.880000e+09    1.036800e+18
8    2.880000e+09    1.036800e+18
7    2.520000e+09    9.072000e+17
9    3.240000e+09    1.166400e+18
3    1.080000e+09    3.888000e+17
4    1.440000e+09    5.184000e+17
2    7.200000e+08    2.592000e+17
7    2.520000e+09    9.072000e+17
7    2.520000e+09    9.072000e+17
7    2.520000e+09    9.072000e+17
3    1.080000e+09    3.888000e+17
1    3.600000e+08    1.296000e+17
9    3.240000e+09    1.166400e+18
2    7.200000e+08    2.592000e+17
5    1.800000e+09    6.480000e+17
8    2.880000e+09    1.036800e+18
2    7.200000e+08    2.592000e+17
4    1.440000e+09    5.184000e+17
9    3.240000e+09    1.166400e+18
5    1.800000e+09    6.480000e+17
2    7.200000e+08    2.592000e+17
5    1.800000e+09    6.480000e+17
7    2.520000e+09    9.072000e+17
2    7.200000e+08    2.592000e+17
5    1.800000e+09    6.480000e+17
3    1.080000e+09    3.888000e+17
4    1.440000e+09    5.184000e+17
14    5.040000e+09    1.814400e+18
6    2.160000e+09    7.776000e+17
4    1.440000e+09    5.184000e+17
0    0.000000e+00    0.000000e+00
7    2.520000e+09    9.072000e+17
4    1.440000e+09    5.184000e+17
5    1.800000e+09    6.480000e+17
3    1.080000e+09    3.888000e+17
4    1.440000e+09    5.184000e+17
4    1.440000e+09    5.184000e+17
5    1.800000e+09    6.480000e+17
6    2.160000e+09    7.776000e+17
7    2.520000e+09    9.072000e+17
4    1.440000e+09    5.184000e+17
6    2.160000e+09    7.776000e+17
7    2.520000e+09    9.072000e+17
5    1.800000e+09    6.480000e+17
10    3.600000e+09    1.296000e+18
8    2.880000e+09    1.036800e+18
10    3.600000e+09    1.296000e+18
8    2.880000e+09    1.036800e+18
11    3.960000e+09    1.425600e+18
4    1.440000e+09    5.184000e+17
5    1.800000e+09    6.480000e+17
2    7.200000e+08    2.592000e+17
2    7.200000e+08    2.592000e+17
3    1.080000e+09    3.888000e+17
3    1.080000e+09    3.888000e+17
8    2.880000e+09    1.036800e+18
4    1.440000e+09    5.184000e+17
5    1.800000e+09    6.480000e+17
7    2.520000e+09    9.072000e+17
2    7.200000e+08    2.592000e+17
3    1.080000e+09    3.888000e+17
4    1.440000e+09    5.184000e+17
8    2.880000e+09    1.036800e+18
5    1.800000e+09    6.480000e+17
4    1.440000e+09    5.184000e+17
8    2.880000e+09    1.036800e+18
3    1.080000e+09    3.888000e+17
4    1.440000e+09    5.184000e+17
5    1.800000e+09    6.480000e+17
3    1.080000e+09    3.888000e+17
1    3.600000e+08    1.296000e+17
2    7.200000e+08    2.592000e+17
3    1.080000e+09    3.888000e+17
1    3.600000e+08    1.296000e+17
4    1.440000e+09    5.184000e+17
3    1.080000e+09    3.888000e+17
7    2.520000e+09    9.072000e+17
2    7.200000e+08    2.592000e+17
3    1.080000e+09    3.888000e+17
1    3.600000e+08    1.296000e+17
4    1.440000e+09    5.184000e+17
1    3.600000e+08    1.296000e+17
5    1.800000e+09    6.480000e+17
4    1.440000e+09    5.184000e+17
3    1.080000e+09    3.888000e+17
4    1.440000e+09    5.184000e+17
7    2.520000e+09    9.072000e+17
2    7.200000e+08    2.592000e+17
4    1.440000e+09    5.184000e+17
4    1.440000e+09    5.184000e+17
4    1.440000e+09    5.184000e+17
2    7.200000e+08    2.592000e+17
3    1.080000e+09    3.888000e+17
2    7.200000e+08    2.592000e+17
3    1.080000e+09    3.888000e+17
3    1.080000e+09    3.888000e+17
1    3.600000e+08    1.296000e+17
1    3.600000e+08    1.296000e+17
3    1.080000e+09    3.888000e+17
2    7.200000e+08    2.592000e+17
5    1.800000e+09    6.480000e+17
2    7.200000e+08    2.592000e+17
1    3.600000e+08    1.296000e+17
0    0.000000e+00    0.000000e+00
1    3.600000e+08    1.296000e+17
3    1.080000e+09    3.888000e+17
4    1.440000e+09    5.184000e+17
1    3.600000e+08    1.296000e+17
2    7.200000e+08    2.592000e+17
2    7.200000e+08    2.592000e+17
4    1.440000e+09    5.184000e+17
4    1.440000e+09    5.184000e+17
2    7.200000e+08    2.592000e+17
4    1.440000e+09    5.184000e+17
1    3.600000e+08    1.296000e+17
3    1.080000e+09    3.888000e+17
1    3.600000e+08    1.296000e+17
1    3.600000e+08    1.296000e+17
1    3.600000e+08    1.296000e+17
$HISTOGRAM::photon_h_n_2
type=4;nc=200;xmin=-0.001;xmax=0.001;
0    0.000000e+00    0.000000e+00
1    3.600000e+08    1.296000e+17
1    3.600000e+08    1.296000e+17
0    0.000000e+00    0.000000e+00
4    1.440000e+09    5.184000e+17
1    3.600000e+08    1.296000e+17
0    0.000000e+00    0.000000e+00
1    3.600000e+08    1.296000e+17
2    7.200000e+08    2.592000e+17
3    1.080000e+09    3.888000e+17
3    1.080000e+09    3.888000e+17
2    7.200000e+08    2.592000e+17
1    3.600000e+08    1.296000e+17
2    7.200000e+08    2.592000e+17
2    7.200000e+08    2.592000e+17
2    7.200000e+08    2.592000e+17
5    1.800000e+09    6.480000e+17
5    1.800000e+09    6.480000e+17
0    0.000000e+00    0.000000e+00
4    1.440000e+09    5.184000e+17
1    3.600000e+08    1.296000e+17
1    3.600000e+08    1.296000e+17
4    1.440000e+09    5.184000e+17
5    1.800000e+09    6.480000e+17
2    7.200000e+08    2.592000e+17
3    1.080000e+09    3.888000e+17
1    3.600000e+08    1.296000e+17
2    7.200000e+08    2.592000e+17
3    1.080000e+09    3.888000e+17
5    1.800000e+09    6.480000e+17
3    1.080000e+09    3.888000e+17
4    1.440000e+09    5.184000e+17
4    1.440000e+09    5.184000e+17
4    1.440000e+09    5.184000e+17
3    1.080000e+09    3.888000e+17
6    2.160000e+09    7.776000e+17
6    2.160000e+09    7.776000e+17
5    1.800000e+09    6.480000e+17
2    7.200000e+08    2.592000e+17
4    1.440000e+09    5.184000e+17
4    1.440000e+09    5.184000e+17
2    7.200000e+08    2.592000e+17
6    2.160000e+09    7.776000e+17
4    1.440000e+09    5.184000e+17
4    1.440000e+09    5.184000e+17
6    2.160000e+09    7.776000e+17
3    1.080000e+09    3.888000e+17
3    1.080000e+09    3.888000e+17
4    1.440000e+09    5.184000e+17
3    1.080000e+09    3.888000e+17
6    2.160000e+09    7.776000e+17
1    3.600000e+08    1.296000e+17
6    2.160000e+09    7.776000e+17
3    1.080000e+09    3.888000e+17
3    1.080000e+09    3.888000e+17
4    1.440000e+09    5.184000e+17
5    1.800000e+09    6.480000e+17
3    1.080000e+09    3.888000e+17
4    1.440000e+09    5.184000e+17
7    2.520000e+09    9.072000e+17
1    3.600000e+08    1.296000e+17
5    1.800000e+09    6.480000e+17
5    1.800000e+09    6.480000e+17
6    2.160000e+09    7.776000e+17
4    1.440000e+09    5.184000e+17
5    1.800000e+09    6.480000e+17
4    1.440000e+09    5.184000e+17
4    1.440000e+09    5.184000e+17
3    1.080000e+09    3.888000e+17
6    2.160000e+09    7.776000e+17
5    1.800000e+09    6.480000e+17
7    2.520000e+09    9.072000e+17
8    2.880000e+09    1.036800e+18
5    1.800000e+09    6.480000e+17
5    1.800000e+09    6.480000e+17
7    2.520000e+09    9.072000e+17
3    1.080000e+09    3.888000e+17
5    1.800000e+09    6.480000e+17
7    2.520000e+09    9.072000e+17
6    2.160000e+09    7.776000e+17
6    2.160000e+09    7.776000e+17
9    3.240000e+09    1.166400e+18
3    1.080000e+09    3.888000e+17
3    1.080000e+09    3.888000e+17
2    7.200000e+08    2.592000e+17
5    1.800000e+09    6.480000e+17
2    7.200000e+08    2.592000e+17
5    1.800000e+09    6.480000e+17
7    2.520000e+09    9.072000e+17
5    1.800000e+09    6.480000e+17
6    2.160000e+09    7.776000e+17
1    3.600000e+08    1.296000e+17
8    2.880000e+09    1.036800e+18
9    3.240000e+09    1.166400e+18
5    1.800000e+09    6.480000e+17
4    1.440000e+09    5.184000e+17
6    2.160000e+09    7.776000e+17
1    3.600000e+08    1.296000e+17
2    7.200000e+08    2.592000e+17
3    1.080000e+09    3.888000e+17
3    1.080000e+09    3.888000e+17
5    1.800000e+09    6.480000e+17
11    3.960000e+09    1.425600e+18
6    2.160000e+09    7.776000e+17
7    2.520000e+09    9.072000e+17
6    2.160000e+09    7.776000e+17
5    1.800000e+09    6.480000e+17
3    1.080000e+09    3.888000e+17
4    1.440000e+09    5.184000e+17
6    2.160000e+09    7.776000e+17
3    1.080000e+09    3.888000e+17
3    1.080000e+09    3.888000e+17
5    1.800000e+09    6.480000e+17
9    3.240000e+09    1.166400e+18
3    1.080000e+09    3.888000e+17
6    2.160000e+09    7.776000e+17
3    1.080000e+09    3.888000e+17
8    2.880000e+09    1.036800e+18
7    2.520000e+09    9.072000e+17
8    2.880000e+09    1.036800e+18
5    1.800000e+09    6.480000e+17
5    1.800000e+09    6.480000e+17
4    1.440000e+09    5.184000e+17
1    3.600000e+08    1.296000e+17
1    3.600000e+08    1.296000e+17
4    1.440000e+09    5.184000e+17
2    7.200000e+08    2.592000e+17
4    1.440000e+09    5.184000e+17
6    2.160000e+09    7.776000e+17
5    1.800000e+09    6.480000e+17
3    1.080000e+09    3.888000e+17
10    3.600000e+09    1.296000e+18
4    1.440000e+09    5.184000e+17
2    7.200000e+08    2.592000e+17
6    2.160000e+09    7.776000e+17
5    1.800000e+09    6.480000e+17
4    1.440000e+09    5.184000e+17
2    7.200000e+08    2.592000e+17
5    1.800000e+09    6.480000e+17
7    2.520000e+09    9.072000e+17
4    1.440000e+09    5.184000e+17
6    2.160000e+09    7.776000e+17
8    2.880000e+09    1.036800e+18
6    2.160000e+09    7.776000e+17
7    2.520000e+09    9.072000e+17
6    2.160000e+09    7.776000e+17
5    1.800000e+09    6.480000e+17
3    1.080000e+09    3.888000e+17
2    7.200000e+08    2.592000e+17
2    7.200000e+08    2.592000e+17
6    2.160000e+09    7.776000e+17
2    7.200000e+08    2.592000e+17
3    1.080000e+09    3.888000e+17
0    0.000000e+00    0.000000e+00
4    1.440000e+09    5.184000e+17
7    2.520000e+09    9.072000e+17
2    7.200000e+08    2.592000e+17
5    1.800000e+09    6.480000e+17
2    7.200000e+08    2.592000e+17
3    1.080000e+09    3.888000e+17
7    2.520000e+09    9.072000e+17
2    7.200000e+08    2.592000e+17
4    1.440000e+09    5.184000e+17
5    1.800000e+09    6.480000e+17
4    1.440000e+09    5.184000e+17
4    1.440000e+09    5.184000e+17
8    2.880000e+09    1.036800e+18
4    1.440000e+09    5.184000e+17
1    3.600000e+08    1.296000e+17
4    1.440000e+09    5.184000e+17
6    2.160000e+09    7.776000e+17
2    7.200000e+08    2.592000e+17
3    1.080000e+09    3.888000e+17
1    3.600000e+08    1.296000e+17
2    7.200000e+08    2.592000e+17
4    1.440000e+09    5.184000e+17
3    1.080000e+09    3.888000e+17
3    1.080000e+09    3.888000e+17
2    7.200000e+08    2.592000e+17
3    1.080000e+09    3.888000e+17
5    1.800000e+09    6.480000e+17
4    1.440000e+09    5.184000e+17
2    7.200000e+08    2.592000e+17
4    1.440000e+09    5.184000e+17
2    7.200000e+08    2.592000e+17
2    7.200000e+08    2.592000e+17
2    7.200000e+08    2.592000e+17
4    1.440000e+09    5.184000e+17
0    0.000000e+00    0.000000e+00
1    3.600000e+08    1.296000e+17
1    3.600000e+08    1.296000e+17
0    0.000000e+00    0.000000e+00
1    3.600000e+08    1.296000e+17
2    7.200000e+08    2.592000e+17
1    3.600000e+08    1.296000e+17
1    3.600000e+08    1.296000e+17
1    3.600000e+08    1.296000e+17
2    7.200000e+08    2.592000e+17
0    0.000000e+00    0.000000e+00
3    1.080000e+09    3.888000e+17
$HISTOGRAM::photon_v_n_1
type=4;nc=200;xmin=-0.001;xmax=0.001;
4    1.440000e+09    5.184000e+17
0    0.000000e+00    0.000000e+00
1    3.600000e+08    1.296000e+17
0    0.000000e+00    0.000000e+00
1    3.600000e+08    1.296000e+17
2    7.200000e+08    2.592000e+17
3    1.080000e+09    3.888000e+17
2    7.200000e+08    2.592000e+17
2    7.200000e+08    2.592000e+17
2    7.200000e+08    2.592000e+17
4    1.440000e+09    5.184000e+17
3    1.080000e+09    3.888000e+17
3    1.080000e+09    3.888000e+17
0    0.000000e+00    0.000000e+00
2    7.200000e+08    2.592000e+17
2    7.200000e+08    2.592000e+17
3    1.080000e+09    3.888000e+17
1    3.600000e+08    1.296000e+17
1    3.600000e+08    1.296000e+17
1    3.600000e+08    1.296000e+17
0    0.000000e+00    0.000000e+00
2    7.200000e+08    2.592000e+17
3    1.080000e+09    3.888000e+17
8    2.880000e+09    1.036800e+18
0    0.000000e+00    0.000000e+00
3    1.080000e+09    3.888000e+17
4    1.440000e+09    5.184000e+17
2    7.200000e+08    2.592000e+17
3    1.080000e+09    3.888000e+17
3    1.080000e+09    3.888000e+17
3    1.080000e+09    3.888000e+17
6    2.160000e+09    7.776000e+17
0    0.000000e+00    0.000000e+00
3    1.080000e+09    3.888000e+17
3    1.080000e+09    3.888000e+17
3    1.080000e+09    3.888000e+17
2    7.200000e+08    2.592000e+17
4    1.440000e+09    5.184000e+17
8    2.880000e+09    1.036800e+18
1    3.600000e+08    1.296000e+17
3    1.080000e+09    3.888000e+17
3    1.080000e+09    3.888000e+17
1    3.600000e+08    1.296000e+17
2    7.200000e+08    2.592000e+17
3    1.080000e+09    3.888000e+17
4    1.440000e+09    5.184000e+17
3    1.080000e+09    3.888000e+17
3    1.080000e+09    3.888000e+17
4    1.440000e+09    5.184000e+17
4    1.440000e+09    5.184000e+17
7    2.520000e+09    9.072000e+17
6    2.160000e+09    7.776000e+17
4    1.440000e+09    5.184000e+17
2    7.200000e+08    2.592000e+17
6    2.160000e+09    7.776000e+17
5    1.800000e+09    6.480000e+17
2    7.200000e+08    2.592000e+17
3    1.080000e+09    3.888000e+17
2    7.200000e+08    2.592000e+17
3    1.080000e+09    3.888000e+17
3    1.080000e+09    3.888000e+17
8    2.880000e+09    1.036800e+18
3    1.080000e+09    3.888000e+17
5    1.800000e+09    6.480000e+17
3    1.080000e+09    3.888000e+17
7    2.520000e+09    9.072000e+17
5    1.800000e+09    6.480000e+17
6    2.160000e+09    7.776000e+17
5    1.800000e+09    6.480000e+17
4    1.440000e+09    5.184000e+17
3    1.080000e+09    3.888000e+17
7    2.520000e+09    9.072000e+17
4    1.440000e+09    5.184000e+17
4    1.440000e+09    5.184000e+17
6    2.160000e+09    7.776000e+17
7    2.520000e+09    9.072000e+17
3    1.080000e+09    3.888000e+17
8    2.880000e+09    1.036800e+18
6    2.160000e+09    7.776000e+17
5    1.800000e+09    6.480000e+17
6    2.160000e+09    7.776000e+17
3    1.080000e+09    3.888000e+17
4    1.440000e+09    5.184000e+17
6    2.160000e+09    7.776000e+17
6    2.160000e+09    7.776000e+17
6    2.160000e+09    7.776000e+17
6    2.160000e+09    7.776000e+17
6    2.160000e+09    7.776000e+17
7    2.520000e+09    9.072000e+17
5    1.800000e+09    6.480000e+17
6    2.160000e+09    7.776000e+17
8    2.880000e+09    1.036800e+18
8    2.880000e+09    1.036800e+18
5    1.800000e+09    6.480000e+17
5    1.800000e+09    6.480000e+17
7    2.520000e+09    9.072000e+17
5    1.800000e+09    6.480000e+17
5    1.800000e+09    6.480000e+17
6    2.160000e+09    7.776000e+17
3    1.080000e+09    3.888000e+17
13    4.680000e+09    1.684800e+18
4    1.440000e+09    5.184000e+17
6    2.160000e+09    7.776000e+17
6    2.160000e+09    7.776000e+17
4    1.440000e+09    5.184000e+17
8    2.880000e+09    1.036800e+18
5    1.800000e+09    6.480000e+17
6    2.160000e+09    7.776000e+17
7    2.520000e+09    9.072000e+17
2    7.200000e+08    2.592000e+17
6    2.160000e+09    7.776000e+17
6    2.160000e+09    7.776000e+17
4    1.440000e+09    5.184000e+17
4    1.440000e+09    5.184000e+17
6    2.160000e+09    7.776000e+17
1    3.600000e+08    1.296000e+17
5    1.800000e+09    6.480000e+17
9    3.240000e+09    1.166400e+18
4    1.440000e+09    5.184000e+17
3    1.080000e+09    3.888000e+17
4    1.440000e+09    5.184000e+17
3    1.080000e+09    3.888000e+17
4    1.440000e+09    5.184000e+17
7    2.520000e+09    9.072000e+17
8    2.880000e+09    1.036800e+18
11    3.960000e+09    1.425600e+18
7    2.520000e+09    9.072000e+17
3    1.080000e+09    3.888000e+17
5    1.800000e+09    6.480000e+17
9    3.240000e+09    1.166400e+18
5    1.800000e+09    6.480000e+17
3    1.080000e+09    3.888000e+17
7    2.520000e+09    9.072000e+17
4    1.440000e+09    5.184000e+17
6    2.160000e+09    7.776000e+17
4    1.440000e+09    5.184000e+17
3    1.080000e+09    3.888000e+17
4    1.440000e+09    5.184000e+17
6    2.160000e+09    7.776000e+17
5    1.800000e+09    6.480000e+17
4    1.440000e+09    5.184000e+17
4    1.440000e+09    5.184000e+17
4    1.440000e+09    5.184000e+17
5    1.800000e+09    6.480000e+17
4    1.440000e+09    5.184000e+17
1    3.600000e+08    1.296000e+17
4    1.440000e+09    5.184000e+17
3    1.080000e+09    3.888000e+17
6    2.160000e+09    7.776000e+17
2    7.200000e+08    2.592000e+17
10    3.600000e+09    1.296000e+18
4    1.440000e+09    5.184000e+17
5    1.800000e+09    6.480000e+17
6    2.160000e+09    7.776000e+17
3    1.080000e+09    3.888000e+17
2    7.200000e+08    2.592000e+17
3    1.080000e+09    3.888000e+17
0    0.000000e+00    0.000000e+00
5    1.800000e+09    6.480000e+17
6    2.160000e+09    7.776000e+17
1    3.600000e+08    1.296000e+17
6    2.160000e+09    7.776000e+17
5    1.800000e+09    6.480000e+17
3    1.080000e+09    3.888000e+17
1    3.600000e+08    1.296000e+17
8    2.880000e+09    1.036800e+18
5    1.800000e+09    6.480000e+17
2    7.200000e+08    2.592000e+17
6    2.160000e+09    7.776000e+17
3    1.080000e+09    3.888000e+17
2    7.200000e+08    2.592000e+17
1    3.600000e+08    1.296000e+17
0    0.000000e+00    0.000000e+00
1    3.600000e+08    1.296000e+17
4    1.440000e+09    5.184000e+17
1    3.600000e+08    1.296000e+17
2    7.200000e+08    2.592000e+17
3    1.080000e+09    3.888000e+17
1    3.600000e+08    1.296000e+17
4    1.440000e+09    5.184000e+17
1    3.600000e+08    1.296000e+17
1    3.600000e+08    1.296000e+17
3    1.080000e+09    3.888000e+17
2    7.200000e+08    2.592000e+17
1    3.600000e+08    1.296000e+17
4    1.440000e+09    5.184000e+17
4    1.440000e+09    5.184000e+17
4    1.440000e+09    5.184000e+17
2    7.200000e+08    2.592000e+17
2    7.200000e+08    2.592000e+17
0    0.000000e+00    0.000000e+00
2    7.200000e+08    2.592000e+17
2    7.200000e+08    2.592000e+17
2    7.200000e+08    2.592000e+17
2    7.200000e+08    2.592000e+17
1    3.600000e+08    1.296000e+17
4    1.440000e+09    5.184000e+17
0    0.000000e+00    0.000000e+00
3    1.080000e+09    3.888000e+17
3    1.080000e+09    3.888000e+17
$HISTOGRAM::photon_v_n_2
type=4;nc=200;xmin=-0.001;xmax=0.001;
2    7.200000e+08    2.592000e+17
2    7.200000e+08    2.592000e+17
2    7.200000e+08    2.592000e+17
1    3.600000e+08    1.296000e+17
1    3.600000e+08    1.296000e+17
2    7.200000e+08    2.592000e+17
1    3.600000e+08    1.296000e+17
0    0.000000e+00    0.000000e+00
2    7.200000e+08    2.592000e+17
3    1.080000e+09    3.888000e+17
6    2.160000e+09    7.776000e+17
3    1.080000e+09    3.888000e+17
3    1.080000e+09    3.888000e+17
1    3.600000e+08    1.296000e+17
1    3.600000e+08    1.296000e+17
2    7.200000e+08    2.592000e+17
2    7.200000e+08    2.592000e+17
4    1.440000e+09    5.184000e+17
4    1.440000e+09    5.184000e+17
0    0.000000e+00    0.000000e+00
2    7.200000e+08    2.592000e+17
3    1.080000e+09    3.888000e+17
0    0.000000e+00    0.000000e+00
1    3.600000e+08    1.296000e+17
0    0.000000e+00    0.000000e+00
4    1.440000e+09    5.184000e+17
5    1.800000e+09    6.480000e+17
4    1.440000e+09    5.184000e+17
4    1.440000e+09    5.184000e+17
2    7.200000e+08    2.592000e+17
4    1.440000e+09    5.184000e+17
6    2.160000e+09    7.776000e+17
2    7.200000e+08    2.592000e+17
3    1.080000e+09    3.888000e+17
2    7.200000e+08    2.592000e+17
2    7.200000e+08    2.592000e+17
6    2.160000e+09    7.776000e+17
8    2.880000e+09    1.036800e+18
5    1.800000e+09    6.480000e+17
3    1.080000e+09    3.888000e+17
5    1.800000e+09    6.480000e+17
5    1.800000e+09    6.480000e+17
3    1.080000e+09    3.888000e+17
5    1.800000e+09    6.480000e+17
0    0.000000e+00    0.000000e+00
6    2.160000e+09    7.776000e+17
5    1.800000e+09    6.480000e+17
1    3.600000e+08    1.296000e+17
3    1.080000e+09    3.888000e+17
6    2.160000e+09    7.776000e+17
6    2.160000e+09    7.776000e+17
2    7.200000e+08    2.592000e+17
8    2.880000e+09    1.036800e+18
5    1.800000e+09    6.480000e+17
5    1.800000e+09    6.480000e+17
5    1.800000e+09    6.480000e+17
9    3.240000e+09    1.166400e+18
4    1.440000e+09    5.184000e+17
8    2.880000e+09    1.036800e+18
4    1.440000e+09    5.184000e+17
3    1.080000e+09    3.888000e+17
2    7.200000e+08    2.592000e+17
1    3.600000e+08    1.296000e+17
8    2.880000e+09    1.036800e+18
7    2.520000e+09    9.072000e+17
5    1.800000e+09    6.480000e+17
7    2.520000e+09    9.072000e+17
8    2.880000e+09    1.036800e+18
4    1.440000e+09    5.184000e+17
6    2.160000e+09    7.776000e+17
5    1.800000e+09    6.480000e+17
4    1.440000e+09    5.184000e+17
7    2.520000e+09    9.072000e+17
1    3.600000e+08    1.296000e+17
3    1.080000e+09    3.888000e+17
2    7.200000e+08    2.592000e+17
8    2.880000e+09    1.036800e+18
6    2.160000e+09    7.776000e+17
4    1.440000e+09    5.184000e+17
3    1.080000e+09    3.888000e+17
7    2.520000e+09    9.072000e+17
3    1.080000e+09    3.888000e+17
1    3.600000e+08    1.296000e+17
5    1.800000e+09    6.480000e+17
6    2.160000e+09    7.776000e+17
6    2.160000e+09    7.776000e+17
5    1.800000e+09    6.480000e+17
6    2.160000e+09    7.776000e+17
6    2.160000e+09    7.776000e+17
7    2.520000e+09    9.072000e+17
3    1.080000e+09    3.888000e+17
2    7.200000e+08    2.592000e+17
11    3.960000e+09    1.425600e+18
6    2.160000e+09    7.776000e+17
3    1.080000e+09    3.888000e+17
6    2.160000e+09    7.776000e+17
5    1.800000e+09    6.480000e+17
4    1.440000e+09    5.184000e+17
4    1.440000e+09    5.184000e+17
6    2.160000e+09    7.776000e+17
4    1.440000e+09    5.184000e+17
4    1.440000e+09    5.184000e+17
5    1.800000e+09    6.480000e+17
6    2.160000e+09    7.776000e+17
9    3.240000e+09    1.166400e+18
7    2.520000e+09    9.072000e+17
10    3.600000e+09    1.296000e+18
5    1.800000e+09    6.480000e+17
9    3.240000e+09    1.166400e+18
5    1.800000e+09    6.480000e+17
3    1.080000e+09    3.888000e+17
4    1.440000e+09    5.184000e+17
5    1.800000e+09    6.480000e+17
8    2.880000e+09    1.036800e+18
13    4.680000e+09    1.684800e+18
9    3.240000e+09    1.166400e+18
3    1.080000e+09    3.888000e+17
8    2.880000e+09    1.036800e+18
3    1.080000e+09    3.888000e+17
3    1.080000e+09    3.888000e+17
6    2.160000e+09    7.776000e+17
6    2.160000e+09    7.776000e+17
7    2.520000e+09    9.072000e+17
4    1.440000e+09    5.184000e+17
7    2.520000e+09    9.072000e+17
3    1.080000e+09    3.888000e+17
5    1.800000e+09    6.480000e+17
7    2.520000e+09    9.072000e+17
5    1.800000e+09    6.480000e+17
5    1.800000e+09    6.480000e+17
4    1.440000e+09    5.184000e+17
5    1.800000e+09    6.480000e+17
4    1.440000e+09    5.184000e+17
3    1.080000e+09    3.888000e+17
2    7.200000e+08    2.592000e+17
2    7.200000e+08    2.592000e+17
4    1.440000e+09    5.184000e+17
4    1.440000e+09    5.184000e+17
2    7.200000e+08    2.592000e+17
8    2.880000e+09    1.036800e+18
5    1.800000e+09    6.480000e+17
3    1.080000e+09    3.888000e+17
4    1.440000e+09    5.184000e+17
6    2.160000e+09    7.776000e+17
4    1.440000e+09    5.184000e+17
5    1.800000e+09    6.480000e+17
0    0.000000e+00    0.000000e+00
3    1.080000e+09    3.888000e+17
2    7.200000e+08    2.592000e+17
6    2.160000e+09    7.776000e+17
5    1.800000e+09    6.480000e+17
1    3.600000e+08    1.296000e+17
1    3.600000e+08    1.296000e+17
3    1.080000e+09    3.888000e+17
5    1.800000e+09    6.480000e+17
1    3.600000e+08    1.296000e+17
3    1.080000e+09    3.888000e+17
6    2.160000e+09    7.776000e+17
2    7.200000e+08    2.592000e+17
4    1.440000e+09    5.184000e+17
4    1.440000e+09    5.184000e+17
3    1.080000e+09    3.888000e+17
5    1.800000e+09    6.480000e+17
5    1.800000e+09    6.480000e+17
1    3.600000e+08    1.296000e+17
2    7.200000e+08    2.592000e+17
6    2.160000e+09    7.776000e+17
1    3.600000e+08    1.296000e+17
2    7.200000e+08    2.592000e+17
4    1.440000e+09    5.184000e+17
3    1.080000e+09    3.888000e+17
7    2.520000e+09    9.072000e+17
4    1.440000e+09    5.184000e+17
3    1.080000e+09    3.888000e+17
4    1.440000e+09    5.184000e+17
3    1.080000e+09    3.888000e+17
4    1.440000e+09    5.184000e+17
1    3.600000e+08    1.296000e+17
1    3.600000e+08    1.296000e+17
3    1.080000e+09    3.888000e+17
2    7.200000e+08    2.592000e+17
2    7.200000e+08    2.592000e+17
3    1.080000e+09    3.888000e+17
8    2.880000e+09    1.036800e+18
2    7.200000e+08    2.592000e+17
2    7.200000e+08    2.592000e+17
2    7.200000e+08    2.592000e+17
4    1.440000e+09    5.184000e+17
2    7.200000e+08    2.592000e+17
4    1.440000e+09    5.184000e+17
2    7.200000e+08    2.592000e+17
0    0.000000e+00    0.000000e+00
4    1.440000e+09    5.184000e+17
1    3.600000e+08    1.296000e+17
0    0.000000e+00    0.000000e+00
0    0.000000e+00    0.000000e+00
3    1.080000e+09    3.888000e+17
2    7.200000e+08    2.592000e+17
0    0.000000e+00    0.000000e+00
0    0.000000e+00    0.000000e+00
$HISTOGRAM::photon_e_1
type=2;nc=200;xmin=-9.21034;xmax=8.51719;
   9.000000e+00    1.200000e+01    1.000000e+01    1.000000e+01
   1.100000e+01    9.000000e+00    1.000000e+00    3.000000e+00
   1.000000e+01    1.600000e+01    9.000000e+00    1.100000e+01
   1.500000e+01    1.000000e+01    1.500000e+01    9.000000e+00
   8.000000e+00    1.100000e+01    1.200000e+01    1.200000e+01
   1.200000e+01    1.300000e+01    1.600000e+01    1.200000e+01
   1.200000e+01    1.000000e+01    1.200000e+01    1.000000e+01
   1.300000e+01    1.400000e+01    1.100000e+01    1.600000e+01
   1.400000e+01    1.700000e+01    1.300000e+01    1.900000e+01
   6.000000e+00    1.600000e+01    1.200000e+01    1.200000e+01
   1.000000e+01    1.500000e+01    9.000000e+00    1.100000e+01
   9.000000e+00    5.000000e+00    3.000000e+00    5.000000e+00
   1.100000e+01    4.000000e+00    6.000000e+00    2.000000e+00
   4.000000e+00    6.000000e+00    2.000000e+00    3.000000e+00
   3.000000e+00    4.000000e+00    2.000000e+00    1.000000e+00
   3.000000e+00    1.000000e+00    1.000000e+00    1.000000e+00
   0.000000e+00    0.000000e+00    1.000000e+00    0.000000e+00
   0.000000e+00    0.000000e+00    0.000000e+00    0.000000e+00
   0.000000e+00    0.000000e+00    0.000000e+00    0.000000e+00
   0.000000e+00    0.000000e+00    0.000000e+00    0.000000e+00
   0.000000e+00    0.000000e+00    0.000000e+00    0.000000e+00
   0.000000e+00    0.000000e+00    0.000000e+00    0.000000e+00
   0.000000e+00    0.000000e+00    0.000000e+00    0.000000e+00
   0.000000e+00    0.000000e+00    0.000000e+00    0.000000e+00
   0.000000e+00    0.000000e+00    0.000000e+00    0.000000e+00
   0.000000e+00    0.000000e+00    0.000000e+00    0.000000e+00
   0.000000e+00    0.000000e+00    0.000000e+00    0.000000e+00
   0.000000e+00    0.000000e+00    0.000000e+00    0.000000e+00
   0.000000e+00    0.000000e+00    0.000000e+00    0.000000e+00
   0.000000e+00    0.000000e+00    0.000000e+00    0.000000e+00
   0.000000e+00    0.000000e+00    0.000000e+00    0.000000e+00
   0.000000e+00    0.000000e+00    0.000000e+00    0.000000e+00
   0.000000e+00    0.000000e+00    0.000000e+00    0.000000e+00
   0.000000e+00    0.000000e+00    0.000000e+00    0.000000e+00
   0.000000e+00    0.000000e+00    0.000000e+00    0.000000e+00
   0.000000e+00    0.000000e+00    0.000000e+00    0.000000e+00
   0.000000e+00    0.000000e+00    0.000000e+00    0.000000e+00
   0.000000e+00    0.000000e+00    0.000000e+00    0.000000e+00
   0.000000e+00    0.000000e+00    0.000000e+00    0.000000e+00
   0.000000e+00    0.000000e+00    0.000000e+00    0.000000e+00
   0.000000e+00    0.000000e+00    0.000000e+00    0.000000e+00
   0.000000e+00    0.000000e+00    0.000000e+00    0.000000e+00
   0.000000e+00    0.000000e+00    0.000000e+00    0.000000e+00
   0.000000e+00    0.000000e+00    0.000000e+00    0.000000e+00
   0.000000e+00    0.000000e+00    0.000000e+00    0.000000e+00
   0.000000e+00    0.000000e+00    0.000000e+00    0.000000e+00
   0.000000e+00    0.000000e+00    0.000000e+00    0.000000e+00
   0.000000e+00    0.000000e+00    0.000000e+00    0.000000e+00
   0.000000e+00    0.000000e+00    0.000000e+00    0.000000e+00
   0.000000e+00    0.000000e+00    0.000000e+00    0.000000e+00
$HISTOGRAM::photon_e_2
type=2;nc=200;xmin=-9.21034;xmax=8.51719;
   8.000000e+00    9.000000e+00    6.000000e+00    1.400000e+01
   1.200000e+01    1.000000e+01    4.000000e+00    1.300000e+01
   9.000000e+00    1.300000e+01    9.000000e+00    1.300000e+01
   6.000000e+00    1.200000e+01    1.200000e+01    1.300000e+01
   1.300000e+01    1.500000e+01    1.800000e+01    1.000000e+01
   6.000000e+00    1.600000e+01    1.800000e+01    1.000000e+01
   1.100000e+01    1.800000e+01    1.600000e+01    1.400000e+01
   1.400000e+01    6.000000e+00    1.400000e+01    1.000000e+01
   1.600000e+01    1.400000e+01    8.000000e+00    1.300000e+01
   1.600000e+01    1.200000e+01    1.100000e+01    1.100000e+01
   1.400000e+01    1.300000e+01    8.000000e+00    1.200000e+01
   9.000000e+00    1.200000e+01    1.300000e+01    4.000000e+00
   7.000000e+00    2.000000e+00    7.000000e+00    4.000000e+00
   6.000000e+00    3.000000e+00    6.000000e+00    6.000000e+00
   1.000000e+00    2.000000e+00    2.000000e+00    1.000000e+00
   3.000000e+00    0.000000e+00    0.000000e+00    0.000000e+00
   0.000000e+00    0.000000e+00    2.000000e+00    1.000000e+00
   0.000000e+00    0.000000e+00    0.000000e+00    0.000000e+00
   0.000000e+00    0.000000e+00    0.000000e+00    0.000000e+00
   0.000000e+00    0.000000e+00    0.000000e+00    0.000000e+00
   0.000000e+00    0.000000e+00    0.000000e+00    0.000000e+00
   0.000000e+00    0.000000e+00    0.000000e+00    0.000000e+00
   0.000000e+00    0.000000e+00    0.000000e+00    0.000000e+00
   0.000000e+00    0.000000e+00    0.000000e+00    0.000000e+00
   0.000000e+00    0.000000e+00    0.000000e+00    0.000000e+00
   0.000000e+00    0.000000e+00    0.000000e+00    0.000000e+00
   0.000000e+00    0.000000e+00    0.000000e+00    0.000000e+00
   0.000000e+00    0.000000e+00    0.000000e+00    0.000000e+00
   0.000000e+00    0.000000e+00    0.000000e+00    0.000000e+00
   0.000000e+00    0.000000e+00    0.000000e+00    0.000000e+00
   0.000000e+00    0.000000e+00    0.000000e+00    0.000000e+00
   0.000000e+00    0.000000e+00    0.000000e+00    0.000000e+00
   0.000000e+00    0.000000e+00    0.000000e+00    0.000000e+00
   0.000000e+00    0.000000e+00    0.000000e+00    0.000000e+00
   0.000000e+00    0.000000e+00    0.000000e+00    0.000000e+00
   0.000000e+00    0.000000e+00    0.000000e+00    0.000000e+00
   0.000000e+00    0.000000e+00    0.000000e+00    0.000000e+00
   0.000000e+00    0.000000e+00    0.000000e+00    0.000000e+00
   0.000000e+00    0.000000e+00    0.000000e+00    0.000000e+00
   0.000000e+00    0.000000e+00    0.000000e+00    0.000000e+00
   0.000000e+00    0.000000e+00    0.000000e+00    0.000000e+00
   0.000000e+00    0.000000e+00    0.000000e+00    0.000000e+00
   0.000000e+00    0.000000e+00    0.000000e+00    0.000000e+00
   0.000000e+00    0.000000e+00    0.000000e+00    0.000000e+00
   0.000000e+00    0.000000e+00    0.000000e+00    0.000000e+00
   0.000000e+00    0.000000e+00    0.000000e+00    0.000000e+00
   0.000000e+00    0.000000e+00    0.000000e+00    0.000000e+00
   0.000000e+00    0.000000e+00    0.000000e+00    0.000000e+00
   0.000000e+00    0.000000e+00    0.000000e+00    0.000000e+00
   0.000000e+00    0.000000e+00    0.000000e+00    0.000000e+00
$HISTOGRAM::e_vx_1
type=1;nc=200;xmin=-0.001;xmax=0.001;
   8.000000e+00    1.100000e+01    1.300000e+01    8.000000e+00
   1.200000e+01    1.100000e+01    1.400000e+01    8.000000e+00
   1.300000e+01    1.800000e+01    1.400000e+01    1.700000e+01
   7.000000e+00    1.800000e+01    1.500000e+01    1.300000e+01
   9.000000e+00    1.300000e+01    1.700000e+01    2.000000e+01
   1.000000e+01    2.200000e+01    1.600000e+01    2.300000e+01
   1.000000e+01    1.800000e+01    1.500000e+01    1.700000e+01
   1.700000e+01    1.800000e+01    2.000000e+01    1.300000e+01
   1.500000e+01    1.400000e+01    1.800000e+01    1.600000e+01
   2.500000e+01    2.200000e+01    2.800000e+01    2.000000e+01
   2.100000e+01    2.200000e+01    1.600000e+01    2.100000e+01
   1.500000e+01    2.500000e+01    2.900000e+01    2.700000e+01
   2.900000e+01    2.600000e+01    2.900000e+01    2.400000e+01
   2.100000e+01    2.600000e+01    2.300000e+01    2.900000e+01
   2.700000e+01    2.000000e+01    2.500000e+01    2.800000e+01
   2.600000e+01    1.900000e+01    2.900000e+01    1.600000e+01
   2.600000e+01    3.000000e+01    3.000000e+01    2.200000e+01
   3.000000e+01    2.700000e+01    2.800000e+01    2.900000e+01
   3.500000e+01    2.400000e+01    2.500000e+01    2.300000e+01
   3.300000e+01    2.800000e+01    3.100000e+01    3.800000e+01
   2.800000e+01    3.300000e+01    3.200000e+01    3.000000e+01
   2.500000e+01    3.400000e+01    3.200000e+01    3.700000e+01
   2.700000e+01    3.400000e+01    2.200000e+01    2.800000e+01
   3.400000e+01    3.900000e+01    3.500000e+01    3.300000e+01
   2.600000e+01    2.600000e+01    3.300000e+01    3.700000e+01
   2.800000e+01    2.000000e+01    2.100000e+01    3.000000e+01
   2.800000e+01    2.300000e+01    2.400000e+01    3.000000e+01
   3.700000e+01    2.800000e+01    3.300000e+01    3.300000e+01
   3.400000e+01    3.500000e+01    2.700000e+01    2.500000e+01
   4.200000e+01    1.900000e+01    4.500000e+01    2.700000e+01
   2.900000e+01    3.200000e+01    2.100000e+01    2.100000e+01
   2.500000e+01    2.900000e+01    2.900000e+01    2.800000e+01
   3.600000e+01    3.200000e+01    3.100000e+01    2.100000e+01
   2.900000e+01    2.000000e+01    2.400000e+01    3.200000e+01
   2.400000e+01    2.000000e+01    2.900000e+01    3.200000e+01
   2.900000e+01    2.100000e+01    1.600000e+01    3.200000e+01
   2.500000e+01    1.600000e+01    3.300000e+01    2.400000e+01
   1.600000e+01    2.100000e+01    2.000000e+01    1.800000e+01
   1.900000e+01    2.500000e+01    2.600000e+01    2.300000e+01
   1.300000e+01    2.500000e+01    2.500000e+01    1.700000e+01
   1.900000e+01    1.800000e+01    2.500000e+01    2.200000e+01
   2.400000e+01    1.900000e+01    1.500000e+01    1.600000e+01
   1.600000e+01    1.800000e+01    1.000000e+01    1.500000e+01
   1.900000e+01    1.300000e+01    1.600000e+01    1.800000e+01
   1.700000e+01    2.100000e+01    1.700000e+01    1.700000e+01
   1.400000e+01    1.100000e+01    1.700000e+01    1.300000e+01
   2.200000e+01    1.500000e+01    7.000000e+00    1.100000e+01
   1.400000e+01    1.000000e+01    1.000000e+01    1.400000e+01
   8.000000e+00    1.300000e+01    9.000000e+00    1.100000e+01
   1.000000e+01    9.000000e+00    1.600000e+01    5.000000e+00
$HISTOGRAM::e_vy_1
type=1;nc=200;xmin=-0.001;xmax=0.001;
   8.000000e+00    7.000000e+00    8.000000e+00    1.000000e+01
   9.000000e+00    1.000000e+01    6.000000e+00    1.100000e+01
   1.600000e+01    8.000000e+00    1.500000e+01    1.200000e+01
   1.000000e+01    9.000000e+00    1.800000e+01    9.000000e+00
   9.000000e+00    1.500000e+01    1.600000e+01    1.900000e+01
   9.000000e+00    2.100000e+01    1.300000e+01    2.000000e+01
   1.600000e+01    1.500000e+01    2.200000e+01    2.000000e+01
   1.600000e+01    2.100000e+01    1.600000e+01    1.900000e+01
   1.800000e+01    2.000000e+01    1.600000e+01    2.300000e+01
   1.700000e+01    1.800000e+01    2.400000e+01    1.700000e+01
   1.500000e+01    2.500000e+01    2.000000e+01    2.100000e+01
   3.100000e+01    2.000000e+01    3.000000e+01    2.100000e+01
   1.900000e+01    1.800000e+01    2.500000e+01    2.300000e+01
   2.000000e+01    2.100000e+01    2.600000e+01    3.000000e+01
   3.100000e+01    2.500000e+01    2.600000e+01    2.300000e+01
   3.100000e+01    2.500000e+01    2.800000e+01    2.600000e+01
   2.200000e+01    2.600000e+01    3.200000e+01    2.900000e+01
   3.800000e+01    2.900000e+01    3.000000e+01    4.100000e+01
   2.100000e+01    2.500000e+01    2.500000e+01    2.700000e+01
   2.600000e+01    3.500000e+01    3.500000e+01    3.000000e+01
   3.000000e+01    3.100000e+01    1.800000e+01    3.400000e+01
   2.400000e+01    3.700000e+01    1.500000e+01    4.500000e+01
   2.800000e+01    3.400000e+01    3.500000e+01    4.100000e+01
   3.000000e+01    2.900000e+01    3.100000e+01    2.800000e+01
   3.300000e+01    3.400000e+01    3.100000e+01    2.700000e+01
   3.300000e+01    3.500000e+01    3.100000e+01    4.500000e+01
   2.700000e+01    3.300000e+01    3.900000e+01    3.000000e+01
   4.000000e+01    3.100000e+01    2.400000e+01    2.700000e+01
   3.400000e+01    2.300000e+01    3.400000e+01    3.800000e+01
   2.800000e+01    3.000000e+01    3.300000e+01    2.800000e+01
   2.100000e+01    3.200000e+01    2.800000e+01    3.500000e+01
   2.900000e+01    2.600000e+01    3.200000e+01    3.800000e+01
   2.400000e+01    2.700000e+01    2.800000e+01    2.800000e+01
   1.800000e+01    2.200000e+01    2.300000e+01    2.000000e+01
   2.200000e+01    2.600000e+01    2.300000e+01    2.500000e+01
   2.000000e+01    2.000000e+01    3.000000e+01    2.300000e+01
   2.800000e+01    2.100000e+01    1.900000e+01    2.300000e+01
   2.400000e+01    2.200000e+01    1.900000e+01    2.300000e+01
   2.400000e+01    2.800000e+01    2.300000e+01    2.100000e+01
   2.500000e+01    1.800000e+01    1.900000e+01    1.900000e+01
   1.800000e+01    2.500000e+01    1.900000e+01    1.500000e+01
   2.100000e+01    2.200000e+01    2.200000e+01    1.400000e+01
   1.800000e+01    1.500000e+01    2.400000e+01    9.000000e+00
   1.500000e+01    1.400000e+01    1.400000e+01    2.000000e+01
   1.700000e+01    1.600000e+01    1.400000e+01    8.000000e+00
   1.500000e+01    1.400000e+01    1.200000e+01    8.000000e+00
   1.700000e+01    9.000000e+00    1.100000e+01    1.000000e+01
   1.500000e+01    1.400000e+01    1.000000e+01    1.200000e+01
   1.000000e+01    9.000000e+00    1.100000e+01    6.000000e+00
   7.000000e+00    1.300000e+01    1.500000e+01    4.000000e+00
$HISTOGRAM::e_eng_1
type=1;nc=220;xmin=0;xmax=5500;
   0.000000e+00    0.000000e+00    0.000000e+00    0.000000e+00
   0.000000e+00    0.000000e+00    0.000000e+00    0.000000e+00
   0.000000e+00    0.000000e+00    0.000000e+00    0.000000e+00
   0.000000e+00    0.000000e+00    0.000000e+00    0.000000e+00
   0.000000e+00    0.000000e+00    0.000000e+00    0.000000e+00
   0.000000e+00    0.000000e+00    0.000000e+00    0.000000e+00
   0.000000e+00    0.000000e+00    0.000000e+00    0.000000e+00
   0.000000e+00    0.000000e+00    0.000000e+00    0.000000e+00
   0.000000e+00    0.000000e+00    0.000000e+00    0.000000e+00
   0.000000e+00    0.000000e+00    0.000000e+00    0.000000e+00
   0.000000e+00    0.000000e+00    0.000000e+00    0.000000e+00
   0.000000e+00    0.000000e+00    0.000000e+00    0.000000e+00
   0.000000e+00    0.000000e+00    0.000000e+00    0.000000e+00
   0.000000e+00    0.000000e+00    0.000000e+00    0.000000e+00
   0.000000e+00    0.000000e+00    0.000000e+00    0.000000e+00
   0.000000e+00    0.000000e+00    0.000000e+00    0.000000e+00
   0.000000e+00    0.000000e+00    0.000000e+00    0.000000e+00
   0.000000e+00    0.000000e+00    0.000000e+00    0.000000e+00
   0.000000e+00    0.000000e+00    0.000000e+00    0.000000e+00
   0.000000e+00    0.000000e+00    0.000000e+00    0.000000e+00
   0.000000e+00    0.000000e+00    0.000000e+00    0.000000e+00
   0.000000e+00    0.000000e+00    0.000000e+00    0.000000e+00
   0.000000e+00    0.000000e+00    0.000000e+00    0.000000e+00
   0.000000e+00    0.000000e+00    0.000000e+00    0.000000e+00
   0.000000e+00    0.000000e+00    0.000000e+00    0.000000e+00
   0.000000e+00    0.000000e+00    0.000000e+00    0.000000e+00
   0.000000e+00    0.000000e+00    0.000000e+00    0.000000e+00
   0.000000e+00    0.000000e+00    0.000000e+00    0.000000e+00
   0.000000e+00    0.000000e+00    0.000000e+00    0.000000e+00
   0.000000e+00    0.000000e+00    0.000000e+00    0.000000e+00
   0.000000e+00    0.000000e+00    0.000000e+00    0.000000e+00
   0.000000e+00    0.000000e+00    0.000000e+00    0.000000e+00
   0.000000e+00    0.000000e+00    0.000000e+00    0.000000e+00
   0.000000e+00    0.000000e+00    0.000000e+00    0.000000e+00
   0.000000e+00    0.000000e+00    0.000000e+00    0.000000e+00
   0.000000e+00    0.000000e+00    0.000000e+00    0.000000e+00
   0.000000e+00    0.000000e+00    0.000000e+00    0.000000e+00
   0.000000e+00    0.000000e+00    0.000000e+00    0.000000e+00
   0.000000e+00    0.000000e+00    0.000000e+00    0.000000e+00
   0.000000e+00    0.000000e+00    0.000000e+00    0.000000e+00
   0.000000e+00    0.000000e+00    0.000000e+00    0.000000e+00
   0.000000e+00    0.000000e+00    0.000000e+00    0.000000e+00
   0.000000e+00    0.000000e+00    0.000000e+00    0.000000e+00
   0.000000e+00    0.000000e+00    0.000000e+00    0.000000e+00
   0.000000e+00    0.000000e+00    0.000000e+00    0.000000e+00
   0.000000e+00    0.000000e+00    0.000000e+00    0.000000e+00
   0.000000e+00    0.000000e+00    0.000000e+00    0.000000e+00
   0.000000e+00    0.000000e+00    0.000000e+00    0.000000e+00
   0.000000e+00    0.000000e+00    0.000000e+00    0.000000e+00
   0.000000e+00    0.000000e+00    0.000000e+00    4.700000e+02
   4.530000e+03    0.000000e+00    0.000000e+00    0.000000e+00
   0.000000e+00    0.000000e+00    0.000000e+00    0.000000e+00
   0.000000e+00    0.000000e+00    0.000000e+00    0.000000e+00
   0.000000e+00    0.000000e+00    0.000000e+00    0.000000e+00
   0.000000e+00    0.000000e+00    0.000000e+00    0.000000e+00
$HISTOGRAM::electron_0
type=2;nc=60;xmin=-5.29832;xmax=8.51719;
   4.970383e+02    3.229054e+02    2.986160e+02    3.029605e+02
   1.252194e+02    1.009125e+02    4.495230e+01    1.832492e+01
   8.908930e+00    0.000000e+00    0.000000e+00    0.000000e+00
   0.000000e+00    0.000000e+00    0.000000e+00    0.000000e+00
   0.000000e+00    0.000000e+00    0.000000e+00    0.000000e+00
   0.000000e+00    0.000000e+00    0.000000e+00    0.000000e+00
   0.000000e+00    0.000000e+00    0.000000e+00    0.000000e+00
   0.000000e+00    0.000000e+00    0.000000e+00    0.000000e+00
   0.000000e+00    0.000000e+00    0.000000e+00    0.000000e+00
   0.000000e+00    0.000000e+00    0.000000e+00    0.000000e+00
   0.000000e+00    0.000000e+00    0.000000e+00    0.000000e+00
   0.000000e+00    0.000000e+00    0.000000e+00    0.000000e+00
   0.000000e+00    0.000000e+00    0.000000e+00    0.000000e+00
   0.000000e+00    0.000000e+00    0.000000e+00    0.000000e+00
   0.000000e+00    0.000000e+00    0.000000e+00    0.000000e+00
$HISTOGRAM::electron_1
type=2;nc=60;xmin=-5.29832;xmax=8.51719;
   6.342300e+03    5.262588e+03    4.448143e+03    4.010878e+03
   3.390522e+03    2.849766e+03    2.294138e+03    2.034443e+03
   1.804502e+03    1.576521e+03    1.441682e+03    1.311999e+03
   1.130772e+03    1.030788e+03    9.405165e+02    8.291583e+02
   7.333832e+02    6.695120e+02    6.191626e+02    4.947069e+02
   4.602877e+02    3.898502e+02    3.293380e+02    2.854683e+02
   2.524112e+02    2.118122e+02    1.819459e+02    1.541116e+02
   1.137234e+02    9.114297e+01    8.288917e+01    7.239566e+01
   7.891773e+01    5.028179e+01    4.303879e+01    3.263484e+01
   1.934108e+01    1.738387e+01    1.091670e+01    1.037043e+01
   9.395706e+00    4.218021e+00    3.645030e+00    2.764160e+00
   1.916741e+00    1.377728e+00    1.851406e+00    1.226853e+00
   3.529243e-01    4.609230e-01    2.258064e-01    2.291371e-01
   1.028832e-01    1.219119e-01    5.776985e-02    3.845767e-02
   3.774424e-02    1.019805e-02    6.685242e-03    1.521044e-03
$HISTOGRAM::electron_2
type=2;nc=60;xmin=-5.29832;xmax=8.51719;
   2.327516e+04    2.282474e+04    2.299493e+04    2.222124e+04
   2.197608e+04    2.161469e+04    2.096183e+04    2.086405e+04
   1.988020e+04    1.951672e+04    1.942487e+04    1.865215e+04
   1.819984e+04    1.787028e+04    1.699428e+04    1.624540e+04
   1.607116e+04    1.517919e+04    1.462608e+04    1.394821e+04
   1.317992e+04    1.250672e+04    1.153592e+04    1.110042e+04
   1.044569e+04    9.548921e+03    8.442092e+03    7.639499e+03
   6.859894e+03    6.024665e+03    5.242946e+03    4.266124e+03
   3.758860e+03    3.162956e+03    2.530497e+03    2.009881e+03
   1.521136e+03    1.153800e+03    8.419021e+02    6.005823e+02
   4.310592e+02    3.460423e+02    2.095517e+02    1.585506e+02
   1.027372e+02    7.424347e+01    4.912756e+01    3.434043e+01
   2.363861e+01    1.255365e+01    8.217182e+00    4.485401e+00
   3.257991e+00    2.036926e+00    9.666183e-01    5.762671e-01
   3.395103e-01    1.716258e-01    6.229674e-02    1.267039e-02
$HISTOGRAM::phot_spec2
type=2;nc=200;xmin=-9.21034;xmax=8.51719;
   2.450039e+32    2.612858e+32    1.655327e+32    3.992944e+32
   3.174972e+32    3.078056e+32    7.985887e+31    2.612858e+32
   2.077881e+32    2.911360e+32    3.706072e+32    3.446337e+32
   1.321936e+32    4.477524e+32    3.814618e+32    3.407570e+32
   3.799111e+32    4.888448e+32    8.195226e+32    2.767924e+32
   9.962976e+31    3.256381e+32    4.791532e+32    1.597177e+32
   4.171269e+32    5.671531e+32    3.729332e+32    4.690740e+32
   4.004574e+32    1.356826e+32    3.353297e+32    2.039115e+32
   3.620786e+32    3.190478e+32    3.477350e+32    2.934620e+32
   5.248976e+32    2.783431e+32    2.957880e+32    2.155414e+32
   4.919462e+32    2.446163e+32    1.364579e+32    4.097613e+32
   2.201934e+32    3.109069e+32    3.271888e+32    1.302552e+32
   2.302727e+32    5.776200e+31    2.434533e+32    1.310306e+32
   8.877515e+31    7.869588e+31    1.445988e+32    1.767750e+32
   3.488980e+31    7.249325e+31    1.159117e+32    1.705723e+31
   1.290923e+32    5.900000e+01    4.800000e+01    1.050000e+02
   0.000000e+00    0.000000e+00    6.667828e+31    3.954177e+31
   0.000000e+00    0.000000e+00    0.000000e+00    0.000000e+00
   0.000000e+00    0.000000e+00    0.000000e+00    0.000000e+00
   0.000000e+00    0.000000e+00    0.000000e+00    0.000000e+00
   0.000000e+00    0.000000e+00    0.000000e+00    0.000000e+00
   0.000000e+00    0.000000e+00    0.000000e+00    0.000000e+00
   0.000000e+00    0.000000e+00    0.000000e+00    0.000000e+00
   0.000000e+00    0.000000e+00    0.000000e+00    0.000000e+00
   0.000000e+00    0.000000e+00    0.000000e+00    0.000000e+00
   0.000000e+00    0.000000e+00    0.000000e+00    0.000000e+00
   0.000000e+00    0.000000e+00    0.000000e+00    0.000000e+00
   0.000000e+00    0.000000e+00    0.000000e+00    0.000000e+00
   0.000000e+00    0.000000e+00    0.000000e+00    0.000000e+00
   0.000000e+00    0.000000e+00    0.000000e+00    0.000000e+00
   0.000000e+00    0.000000e+00    0.000000e+00    0.000000e+00
   0.000000e+00    0.000000e+00    0.000000e+00    0.000000e+00
   0.000000e+00    0.000000e+00    0.000000e+00    0.000000e+00
   0.000000e+00    0.000000e+00    0.000000e+00    0.000000e+00
   0.000000e+00    0.000000e+00    0.000000e+00    0.000000e+00
   0.000000e+00    0.000000e+00    0.000000e+00    0.000000e+00
   0.000000e+00    0.000000e+00    0.000000e+00    0.000000e+00
   0.000000e+00    0.000000e+00    0.000000e+00    0.000000e+00
   0.000000e+00    0.000000e+00    0.000000e+00    0.000000e+00
   0.000000e+00    0.000000e+00    0.000000e+00    0.000000e+00
   0.000000e+00    0.000000e+00    0.000000e+00    0.000000e+00
   0.000000e+00    0.000000e+00    0.000000e+00    0.000000e+00
   0.000000e+00    0.000000e+00    0.000000e+00    0.000000e+00
   0.000000e+00    0.000000e+00    0.000000e+00    0.000000e+00
   0.000000e+00    0.000000e+00    0.000000e+00    0.000000e+00
   0.000000e+00    0.000000e+00    0.000000e+00    0.000000e+00
   0.000000e+00    0.000000e+00    0.000000e+00    0.000000e+00
   0.000000e+00    0.000000e+00    0.000000e+00    0.000000e+00
   0.000000e+00    0.000000e+00    0.000000e+00    0.000000e+00
   0.000000e+00    0.000000e+00    0.000000e+00    0.000000e+00
$HISTOGRAM::lumi_gg_1
type=1;nc=200;xmin=0;xmax=10000;
   1.298482e+33    0.000000e+00    0.000000e+00    0.000000e+00
   0.000000e+00    0.000000e+00    0.000000e+00    0.000000e+00
   0.000000e+00    0.000000e+00    0.000000e+00    0.000000e+00
   0.000000e+00    0.000000e+00    0.000000e+00    0.000000e+00
   0.000000e+00    0.000000e+00    0.000000e+00    0.000000e+00
   0.000000e+00    0.000000e+00    0.000000e+00    0.000000e+00
   0.000000e+00    0.000000e+00    0.000000e+00    0.000000e+00
   0.000000e+00    0.000000e+00    0.000000e+00    0.000000e+00
   0.000000e+00    0.000000e+00    0.000000e+00    0.000000e+00
   0.000000e+00    0.000000e+00    0.000000e+00    0.000000e+00
   0.000000e+00    0.000000e+00    0.000000e+00    0.000000e+00
   0.000000e+00    0.000000e+00    0.000000e+00    0.000000e+00
   0.000000e+00    0.000000e+00    0.000000e+00    0.000000e+00
   0.000000e+00    0.000000e+00    0.000000e+00    0.000000e+00
   0.000000e+00    0.000000e+00    0.000000e+00    0.000000e+00
   0.000000e+00    0.000000e+00    0.000000e+00    0.000000e+00
   0.000000e+00    0.000000e+00    0.000000e+00    0.000000e+00
   0.000000e+00    0.000000e+00    0.000000e+00    0.000000e+00
   0.000000e+00    0.000000e+00    0.000000e+00    0.000000e+00
   0.000000e+00    0.000000e+00    0.000000e+00    0.000000e+00
   0.000000e+00    0.000000e+00    0.000000e+00    0.000000e+00
   0.000000e+00    0.000000e+00    0.000000e+00    0.000000e+00
   0.000000e+00    0.000000e+00    0.000000e+00    0.000000e+00
   0.000000e+00    0.000000e+00    0.000000e+00    0.000000e+00
   0.000000e+00    0.000000e+00    0.000000e+00    0.000000e+00
   0.000000e+00    0.000000e+00    0.000000e+00    0.000000e+00
   0.000000e+00    0.000000e+00    0.000000e+00    0.000000e+00
   0.000000e+00    0.000000e+00    0.000000e+00    0.000000e+00
   0.000000e+00    0.000000e+00    0.000000e+00    0.000000e+00
   0.000000e+00    0.000000e+00    0.000000e+00    0.000000e+00
   0.000000e+00    0.000000e+00    0.000000e+00    0.000000e+00
   0.000000e+00    0.000000e+00    0.000000e+00    0.000000e+00
   0.000000e+00    0.000000e+00    0.000000e+00    0.000000e+00
   0.000000e+00    0.000000e+00    0.000000e+00    0.000000e+00
   0.000000e+00    0.000000e+00    0.000000e+00    0.000000e+00
   0.000000e+00    0.000000e+00    0.000000e+00    0.000000e+00
   0.000000e+00    0.000000e+00    0.000000e+00    0.000000e+00
   0.000000e+00    0.000000e+00    0.000000e+00    0.000000e+00
   0.000000e+00    0.000000e+00    0.000000e+00    0.000000e+00
   0.000000e+00    0.000000e+00    0.000000e+00    0.000000e+00
   0.000000e+00    0.000000e+00    0.000000e+00    0.000000e+00
   0.000000e+00    0.000000e+00    0.000000e+00    0.000000e+00
   0.000000e+00    0.000000e+00    0.000000e+00    0.000000e+00
   0.000000e+00    0.000000e+00    0.000000e+00    0.000000e+00
   0.000000e+00    0.000000e+00    0.000000e+00    0.000000e+00
   0.000000e+00    0.000000e+00    0.000000e+00    0.000000e+00
   0.000000e+00    0.000000e+00    0.000000e+00    0.000000e+00
   0.000000e+00    0.000000e+00    0.000000e+00    0.000000e+00
   0.000000e+00    0.000000e+00    0.000000e+00    0.000000e+00
   0.000000e+00    0.000000e+00    0.000000e+00    0.000000e+00
$HISTOGRAM::lumi_gg_2
type=1;nc=200;xmin=0;xmax=10000;
   1.298482e+33    0.000000e+00    0.000000e+00    0.000000e+00
   0.000000e+00    0.000000e+00    0.000000e+00    0.000000e+00
   0.000000e+00    0.000000e+00    0.000000e+00    0.000000e+00
   0.000000e+00    0.000000e+00    0.000000e+00    0.000000e+00
   0.000000e+00    0.000000e+00    0.000000e+00    0.000000e+00
   0.000000e+00    0.000000e+00    0.000000e+00    0.000000e+00
   0.000000e+00    0.000000e+00    0.000000e+00    0.000000e+00
   0.000000e+00    0.000000e+00    0.000000e+00    0.000000e+00
   0.000000e+00    0.000000e+00    0.000000e+00    0.000000e+00
   0.000000e+00    0.000000e+00    0.000000e+00    0.000000e+00
   0.000000e+00    0.000000e+00    0.000000e+00    0.000000e+00
   0.000000e+00    0.000000e+00    0.000000e+00    0.000000e+00
   0.000000e+00    0.000000e+00    0.000000e+00    0.000000e+00
   0.000000e+00    0.000000e+00    0.000000e+00    0.000000e+00
   0.000000e+00    0.000000e+00    0.000000e+00    0.000000e+00
   0.000000e+00    0.000000e+00    0.000000e+00    0.000000e+00
   0.000000e+00    0.000000e+00    0.000000e+00    0.000000e+00
   0.000000e+00    0.000000e+00    0.000000e+00    0.000000e+00
   0.000000e+00    0.000000e+00    0.000000e+00    0.000000e+00
   0.000000e+00    0.000000e+00    0.000000e+00    0.000000e+00
   0.000000e+00    0.000000e+00    0.000000e+00    0.000000e+00
   0.000000e+00    0.000000e+00    0.000000e+00    0.000000e+00
   0.000000e+00    0.000000e+00    0.000000e+00    0.000000e+00
   0.000000e+00    0.000000e+00    0.000000e+00    0.000000e+00
   0.000000e+00    0.000000e+00    0.000000e+00    0.000000e+00
   0.000000e+00    0.000000e+00    0.000000e+00    0.000000e+00
   0.000000e+00    0.000000e+00    0.000000e+00    0.000000e+00
   0.000000e+00    0.000000e+00    0.000000e+00    0.000000e+00
   0.000000e+00    0.000000e+00    0.000000e+00    0.000000e+00
   0.000000e+00    0.000000e+00    0.000000e+00    0.000000e+00
   0.000000e+00    0.000000e+00    0.000000e+00    0.000000e+00
   0.000000e+00    0.000000e+00    0.000000e+00    0.000000e+00
   0.000000e+00    0.000000e+00    0.000000e+00    0.000000e+00
   0.000000e+00    0.000000e+00    0.000000e+00    0.000000e+00
   0.000000e+00    0.000000e+00    0.000000e+00    0.000000e+00
   0.000000e+00    0.000000e+00    0.000000e+00    0.000000e+00
   0.000000e+00    0.000000e+00    0.000000e+00    0.000000e+00
   0.000000e+00    0.000000e+00    0.000000e+00    0.000000e+00
   0.000000e+00    0.000000e+00    0.000000e+00    0.000000e+00
   0.000000e+00    0.000000e+00    0.000000e+00    0.000000e+00
   0.000000e+00    0.000000e+00    0.000000e+00    0.000000e+00
   0.000000e+00    0.000000e+00    0.000000e+00    0.000000e+00
   0.000000e+00    0.000000e+00    0.000000e+00    0.000000e+00
   0.000000e+00    0.000000e+00    0.000000e+00    0.000000e+00
   0.000000e+00    0.000000e+00    0.000000e+00    0.000000e+00
   0.000000e+00    0.000000e+00    0.000000e+00    0.000000e+00
   0.000000e+00    0.000000e+00    0.000000e+00    0.000000e+00
   0.000000e+00    0.000000e+00    0.000000e+00    0.000000e+00
   0.000000e+00    0.000000e+00    0.000000e+00    0.000000e+00
   0.000000e+00    0.000000e+00    0.000000e+00    0.000000e+00
$HISTOGRAM::l_gg
type=2;nc=200;xmin=-8.51719;xmax=9.21034;
   4.031710e+31    3.605279e+31    3.023783e+31    3.178848e+31
   3.372681e+31    2.752417e+31    3.333914e+31    3.837878e+31
   4.031710e+31    4.496907e+31    4.535674e+31    4.031710e+31
   3.488980e+31    4.341842e+31    4.303075e+31    4.768272e+31
   4.419374e+31    3.101315e+31    4.380608e+31    6.086332e+31
   4.729506e+31    4.884572e+31    5.272236e+31    3.992944e+31
   3.644046e+31    4.768272e+31    4.962105e+31    4.884572e+31
   5.349769e+31    3.721579e+31    3.333914e+31    2.829950e+31
   3.023783e+31    3.566513e+31    2.868717e+31    2.209687e+31
   2.481052e+31    2.481052e+31    2.946250e+31    2.325987e+31
   2.054621e+31    1.356826e+31    1.473125e+31    1.822023e+31
   7.753289e+30    5.814966e+30    8.916282e+30    7.753289e+30
   6.977960e+30    6.977960e+30    7.365624e+30    5.427302e+30
   4.264309e+30    1.938322e+30    1.162993e+30    2.713651e+30
   0.000000e+00    0.000000e+00    1.162993e+30    0.000000e+00
   0.000000e+00    0.000000e+00    3.876644e+29    0.000000e+00
   0.000000e+00    0.000000e+00    0.000000e+00    0.000000e+00
   0.000000e+00    0.000000e+00    0.000000e+00    0.000000e+00
   0.000000e+00    0.000000e+00    0.000000e+00    0.000000e+00
   0.000000e+00    0.000000e+00    0.000000e+00    0.000000e+00
   0.000000e+00    0.000000e+00    0.000000e+00    0.000000e+00
   0.000000e+00    0.000000e+00    0.000000e+00    0.000000e+00
   0.000000e+00    0.000000e+00    0.000000e+00    0.000000e+00
   0.000000e+00    0.000000e+00    0.000000e+00    0.000000e+00
   0.000000e+00    0.000000e+00    0.000000e+00    0.000000e+00
   0.000000e+00    0.000000e+00    0.000000e+00    0.000000e+00
   0.000000e+00    0.000000e+00    0.000000e+00    0.000000e+00
   0.000000e+00    0.000000e+00    0.000000e+00    0.000000e+00
   0.000000e+00    0.000000e+00    0.000000e+00    0.000000e+00
   0.000000e+00    0.000000e+00    0.000000e+00    0.000000e+00
   0.000000e+00    0.000000e+00    0.000000e+00    0.000000e+00
   0.000000e+00    0.000000e+00    0.000000e+00    0.000000e+00
   0.000000e+00    0.000000e+00    0.000000e+00    0.000000e+00
   0.000000e+00    0.000000e+00    0.000000e+00    0.000000e+00
   0.000000e+00    0.000000e+00    0.000000e+00    0.000000e+00
   0.000000e+00    0.000000e+00    0.000000e+00    0.000000e+00
   0.000000e+00    0.000000e+00    0.000000e+00    0.000000e+00
   0.000000e+00    0.000000e+00    0.000000e+00    0.000000e+00
   0.000000e+00    0.000000e+00    0.000000e+00    0.000000e+00
   0.000000e+00    0.000000e+00    0.000000e+00    0.000000e+00
   0.000000e+00    0.000000e+00    0.000000e+00    0.000000e+00
   0.000000e+00    0.000000e+00    0.000000e+00    0.000000e+00
   0.000000e+00    0.000000e+00    0.000000e+00    0.000000e+00
   0.000000e+00    0.000000e+00    0.000000e+00    0.000000e+00
   0.000000e+00    0.000000e+00    0.000000e+00    0.000000e+00
   0.000000e+00    0.000000e+00    0.000000e+00    0.000000e+00
   0.000000e+00    0.000000e+00    0.000000e+00    0.000000e+00
   0.000000e+00    0.000000e+00    0.000000e+00    0.000000e+00
   0.000000e+00    0.000000e+00    0.000000e+00    0.000000e+00
   0.000000e+00    0.000000e+00    0.000000e+00    0.000000e+00
$HISTOGRAM::compt_eng
type=1;nc=100;xmin=0;xmax=5000;
   0.000000e+00    0.000000e+00    0.000000e+00    0.000000e+00
   0.000000e+00    0.000000e+00    0.000000e+00    0.000000e+00
   0.000000e+00    0.000000e+00    0.000000e+00    0.000000e+00
   0.000000e+00    0.000000e+00    0.000000e+00    0.000000e+00
   0.000000e+00    0.000000e+00    0.000000e+00    0.000000e+00
   0.000000e+00    0.000000e+00    0.000000e+00    0.000000e+00
   0.000000e+00    0.000000e+00    0.000000e+00    0.000000e+00
   0.000000e+00    0.000000e+00    0.000000e+00    0.000000e+00
   0.000000e+00    0.000000e+00    0.000000e+00    0.000000e+00
   0.000000e+00    0.000000e+00    0.000000e+00    0.000000e+00
   0.000000e+00    0.000000e+00    0.000000e+00    0.000000e+00
   0.000000e+00    0.000000e+00    0.000000e+00    0.000000e+00
   0.000000e+00    0.000000e+00    0.000000e+00    0.000000e+00
   0.000000e+00    0.000000e+00    0.000000e+00    0.000000e+00
   0.000000e+00    0.000000e+00    0.000000e+00    0.000000e+00
   0.000000e+00    0.000000e+00    0.000000e+00    0.000000e+00
   0.000000e+00    0.000000e+00    0.000000e+00    0.000000e+00
   0.000000e+00    0.000000e+00    0.000000e+00    0.000000e+00
   0.000000e+00    0.000000e+00    0.000000e+00    0.000000e+00
   0.000000e+00    0.000000e+00    0.000000e+00    0.000000e+00
   0.000000e+00    0.000000e+00    0.000000e+00    0.000000e+00
   0.000000e+00    0.000000e+00    0.000000e+00    0.000000e+00
   0.000000e+00    0.000000e+00    0.000000e+00    0.000000e+00
   0.000000e+00    0.000000e+00    0.000000e+00    0.000000e+00
   0.000000e+00    0.000000e+00    0.000000e+00    0.000000e+00
$HISTOGRAM::bhabha
type=1;nc=200;xmin=-0.1;xmax=0.1;
   0.000000e+00    0.000000e+00    0.000000e+00    0.000000e+00
   0.000000e+00    0.000000e+00    0.000000e+00    0.000000e+00
   0.000000e+00    0.000000e+00    0.000000e+00    0.000000e+00
   0.000000e+00    0.000000e+00    0.000000e+00    0.000000e+00
   0.000000e+00    0.000000e+00    0.000000e+00    0.000000e+00
   0.000000e+00    0.000000e+00    0.000000e+00    0.000000e+00
   0.000000e+00    0.000000e+00    0.000000e+00    0.000000e+00
   0.000000e+00    0.000000e+00    0.000000e+00    0.000000e+00
   0.000000e+00    0.000000e+00    0.000000e+00    0.000000e+00
   0.000000e+00    0.000000e+00    0.000000e+00    0.000000e+00
   0.000000e+00    0.000000e+00    0.000000e+00    0.000000e+00
   0.000000e+00    0.000000e+00    0.000000e+00    0.000000e+00
   0.000000e+00    0.000000e+00    0.000000e+00    0.000000e+00
   0.000000e+00    0.000000e+00    0.000000e+00    0.000000e+00
   0.000000e+00    0.000000e+00    0.000000e+00    0.000000e+00
   0.000000e+00    0.000000e+00    0.000000e+00    0.000000e+00
   0.000000e+00    0.000000e+00    0.000000e+00    0.000000e+00
   0.000000e+00    0.000000e+00    0.000000e+00    0.000000e+00
   0.000000e+00    0.000000e+00    0.000000e+00    0.000000e+00
   0.000000e+00    0.000000e+00    0.000000e+00    0.000000e+00
   0.000000e+00    0.000000e+00    0.000000e+00    0.000000e+00
   0.000000e+00    0.000000e+00    0.000000e+00    0.000000e+00
   0.000000e+00    0.000000e+00    0.000000e+00    0.000000e+00
   0.000000e+00    0.000000e+00    0.000000e+00    0.000000e+00
   0.000000e+00    0.000000e+00    0.000000e+00    0.000000e+00
   0.000000e+00    0.000000e+00    0.000000e+00    0.000000e+00
   0.000000e+00    0.000000e+00    0.000000e+00    0.000000e+00
   0.000000e+00    0.000000e+00    0.000000e+00    0.000000e+00
   0.000000e+00    0.000000e+00    0.000000e+00    0.000000e+00
   0.000000e+00    0.000000e+00    0.000000e+00    0.000000e+00
   0.000000e+00    0.000000e+00    0.000000e+00    0.000000e+00
   0.000000e+00    0.000000e+00    0.000000e+00    0.000000e+00
   0.000000e+00    0.000000e+00    0.000000e+00    0.000000e+00
   0.000000e+00    0.000000e+00    0.000000e+00    0.000000e+00
   0.000000e+00    0.000000e+00    0.000000e+00    0.000000e+00
   0.000000e+00    0.000000e+00    0.000000e+00    0.000000e+00
   0.000000e+00    0.000000e+00    0.000000e+00    0.000000e+00
   0.000000e+00    0.000000e+00    0.000000e+00    0.000000e+00
   0.000000e+00    0.000000e+00    0.000000e+00    0.000000e+00
   0.000000e+00    0.000000e+00    0.000000e+00    0.000000e+00
   0.000000e+00    0.000000e+00    0.000000e+00    0.000000e+00
   0.000000e+00    0.000000e+00    0.000000e+00    0.000000e+00
   0.000000e+00    0.000000e+00    0.000000e+00    0.000000e+00
   0.000000e+00    0.000000e+00    0.000000e+00    0.000000e+00
   0.000000e+00    0.000000e+00    0.000000e+00    0.000000e+00
   0.000000e+00    0.000000e+00    0.000000e+00    0.000000e+00
   0.000000e+00    0.000000e+00    0.000000e+00    0.000000e+00
   0.000000e+00    0.000000e+00    0.000000e+00    0.000000e+00
   0.000000e+00    0.000000e+00    0.000000e+00    0.000000e+00
   0.000000e+00    0.000000e+00    0.000000e+00    0.000000e+00
$HISTOGRAM::low
type=1;nc=200;xmin=0;xmax=250.01;
   0.000000e+00    0.000000e+00    0.000000e+00    0.000000e+00
   0.000000e+00    0.000000e+00    0.000000e+00    0.000000e+00
   0.000000e+00    0.000000e+00    0.000000e+00    0.000000e+00
   0.000000e+00    0.000000e+00    0.000000e+00    0.000000e+00
   0.000000e+00    0.000000e+00    0.000000e+00    0.000000e+00
   0.000000e+00    0.000000e+00    0.000000e+00    0.000000e+00
   0.000000e+00    0.000000e+00    0.000000e+00    0.000000e+00
   0.000000e+00    0.000000e+00    0.000000e+00    0.000000e+00
   0.000000e+00    0.000000e+00    0.000000e+00    0.000000e+00
   0.000000e+00    0.000000e+00    0.000000e+00    0.000000e+00
   0.000000e+00    0.000000e+00    0.000000e+00    0.000000e+00
   0.000000e+00    0.000000e+00    0.000000e+00    0.000000e+00
   0.000000e+00    0.000000e+00    0.000000e+00    0.000000e+00
   0.000000e+00    0.000000e+00    0.000000e+00    0.000000e+00
   0.000000e+00    0.000000e+00    0.000000e+00    0.000000e+00
   0.000000e+00    0.000000e+00    0.000000e+00    0.000000e+00
   0.000000e+00    0.000000e+00    0.000000e+00    0.000000e+00
   0.000000e+00    0.000000e+00    0.000000e+00    0.000000e+00
   0.000000e+00    0.000000e+00    0.000000e+00    0.000000e+00
   0.000000e+00    0.000000e+00    0.000000e+00    0.000000e+00
   0.000000e+00    0.000000e+00    0.000000e+00    0.000000e+00
   0.000000e+00    0.000000e+00    0.000000e+00    0.000000e+00
   0.000000e+00    0.000000e+00    0.000000e+00    0.000000e+00
   0.000000e+00    0.000000e+00    0.000000e+00    0.000000e+00
   0.000000e+00    0.000000e+00    0.000000e+00    0.000000e+00
   0.000000e+00    0.000000e+00    0.000000e+00    0.000000e+00
   0.000000e+00    0.000000e+00    0.000000e+00    0.000000e+00
   0.000000e+00    0.000000e+00    0.000000e+00    0.000000e+00
   0.000000e+00    0.000000e+00    0.000000e+00    0.000000e+00
   0.000000e+00    0.000000e+00    0.000000e+00    0.000000e+00
   0.000000e+00    0.000000e+00    0.000000e+00    0.000000e+00
   0.000000e+00    0.000000e+00    0.000000e+00    0.000000e+00
   0.000000e+00    0.000000e+00    0.000000e+00    0.000000e+00
   0.000000e+00    0.000000e+00    0.000000e+00    0.000000e+00
   0.000000e+00    0.000000e+00    0.000000e+00    0.000000e+00
   0.000000e+00    0.000000e+00    0.000000e+00    0.000000e+00
   0.000000e+00    0.000000e+00    0.000000e+00    0.000000e+00
   0.000000e+00    0.000000e+00    0.000000e+00    0.000000e+00
   0.000000e+00    0.000000e+00    0.000000e+00    0.000000e+00
   0.000000e+00    0.000000e+00    0.000000e+00    0.000000e+00
   0.000000e+00    0.000000e+00    0.000000e+00    0.000000e+00
   0.000000e+00    0.000000e+00    0.000000e+00    0.000000e+00
   0.000000e+00    0.000000e+00    0.000000e+00    0.000000e+00
   0.000000e+00    0.000000e+00    0.000000e+00    0.000000e+00
   0.000000e+00    0.000000e+00    0.000000e+00    0.000000e+00
   0.000000e+00    0.000000e+00    0.000000e+00    0.000000e+00
   0.000000e+00    0.000000e+00    0.000000e+00    0.000000e+00
   0.000000e+00    0.000000e+00    0.000000e+00    0.000000e+00
   0.000000e+00    0.000000e+00    0.000000e+00    0.000000e+00
   0.000000e+00    0.000000e+00    0.000000e+00    0.000000e+00
$HISTOGRAM::log_gg_0
type=2;nc=200;xmin=-6.90776;xmax=6.21463;
   2.597352e+31    4.419374e+31    4.535674e+31    3.372681e+31
   3.644046e+31    3.837878e+31    3.682812e+31    2.597352e+31
   2.713651e+31    3.954177e+31    2.985016e+31    3.799111e+31
   3.256381e+31    4.148009e+31    3.566513e+31    2.674885e+31
   2.985016e+31    1.162993e+31    2.519819e+31    2.364753e+31
   2.752417e+31    2.248454e+31    1.938322e+31    1.783256e+31
   1.744490e+31    1.783256e+31    2.015855e+31    1.977089e+31
   2.093388e+31    1.705723e+31    1.162993e+31    1.085460e+31
   1.046694e+31    1.162993e+31    1.279293e+31    5.814966e+30
   6.590295e+30    3.101315e+30    6.590295e+30    6.977960e+30
   4.264309e+30    5.427302e+30    5.039638e+30    7.365624e+30
   7.753289e+29    4.651973e+30    4.264309e+30    1.938322e+30
   1.162993e+30    7.753289e+29    1.938322e+30    0.000000e+00
   0.000000e+00    3.876644e+29    7.753289e+29    0.000000e+00
   0.000000e+00    0.000000e+00    0.000000e+00    3.876644e+29
   0.000000e+00    0.000000e+00    0.000000e+00    0.000000e+00
   0.000000e+00    0.000000e+00    0.000000e+00    0.000000e+00
   0.000000e+00    0.000000e+00    0.000000e+00    0.000000e+00
   0.000000e+00    0.000000e+00    0.000000e+00    0.000000e+00
   0.000000e+00    0.000000e+00    0.000000e+00    0.000000e+00
   0.000000e+00    0.000000e+00    0.000000e+00    0.000000e+00
   0.000000e+00    0.000000e+00    0.000000e+00    0.000000e+00
   0.000000e+00    0.000000e+00    0.000000e+00    0.000000e+00
   0.000000e+00    0.000000e+00    0.000000e+00    0.000000e+00
   0.000000e+00    0.000000e+00    0.000000e+00    0.000000e+00
   0.000000e+00    0.000000e+00    0.000000e+00    0.000000e+00
   0.000000e+00    0.000000e+00    0.000000e+00    0.000000e+00
   0.000000e+00    0.000000e+00    0.000000e+00    0.000000e+00
   0.000000e+00    0.000000e+00    0.000000e+00    0.000000e+00
   0.000000e+00    0.000000e+00    0.000000e+00    0.000000e+00
   0.000000e+00    0.000000e+00    0.000000e+00    0.000000e+00
   0.000000e+00    0.000000e+00    0.000000e+00    0.000000e+00
   0.000000e+00    0.000000e+00    0.000000e+00    0.000000e+00
   0.000000e+00    0.000000e+00    0.000000e+00    0.000000e+00
   0.000000e+00    0.000000e+00    0.000000e+00    0.000000e+00
   0.000000e+00    0.000000e+00    0.000000e+00    0.000000e+00
   0.000000e+00    0.000000e+00    0.000000e+00    0.000000e+00
   0.000000e+00    0.000000e+00    0.000000e+00    0.000000e+00
   0.000000e+00    0.000000e+00    0.000000e+00    0.000000e+00
   0.000000e+00    0.000000e+00    0.000000e+00    0.000000e+00
   0.000000e+00    0.000000e+00    0.000000e+00    0.000000e+00
   0.000000e+00    0.000000e+00    0.000000e+00    0.000000e+00
   0.000000e+00    0.000000e+00    0.000000e+00    0.000000e+00
   0.000000e+00    0.000000e+00    0.000000e+00    0.000000e+00
   0.000000e+00    0.000000e+00    0.000000e+00    0.000000e+00
   0.000000e+00    0.000000e+00    0.000000e+00    0.000000e+00
   0.000000e+00    0.000000e+00    0.000000e+00    0.000000e+00
   0.000000e+00    0.000000e+00    0.000000e+00    0.000000e+00
   0.000000e+00    0.000000e+00    0.000000e+00    0.000000e+00
   0.000000e+00    0.000000e+00    0.000000e+00    0.000000e+00
$HISTOGRAM::log_gg_1
type=2;nc=200;xmin=-6.90776;xmax=6.21463;
   5.551355e+32    5.524218e+32    5.407919e+32    5.342016e+32
   5.248976e+32    5.404042e+32    5.008624e+32    4.814792e+32
   5.148184e+32    5.047391e+32    4.950475e+32    4.830299e+32
   4.900078e+32    4.737259e+32    4.721753e+32    4.845805e+32
   4.713999e+32    4.636467e+32    4.713999e+32    4.570564e+32
   4.512414e+32    4.365101e+32    4.310828e+32    4.392238e+32
   4.272062e+32    4.403868e+32    4.182899e+32    4.229419e+32
   4.058847e+32    4.392238e+32    4.275939e+32    4.124750e+32
   3.989067e+32    3.915411e+32    3.826248e+32    3.973560e+32
   3.868891e+32    3.880521e+32    3.830125e+32    3.768098e+32
   3.733208e+32    3.954177e+32    3.527746e+32    3.853384e+32
   3.865014e+32    3.597526e+32    3.326161e+32    3.399817e+32
   3.372681e+32    3.190478e+32    3.593649e+32    3.299024e+32
   3.244751e+32    3.151712e+32    3.159465e+32    3.116822e+32
   3.085809e+32    3.039289e+32    2.818320e+32    2.992769e+32
   2.783431e+32    2.946250e+32    2.911360e+32    2.771801e+32
   2.686514e+32    2.616735e+32    2.655501e+32    2.705898e+32
   2.554709e+32    2.376383e+32    2.438409e+32    2.407396e+32
   2.446163e+32    2.252330e+32    2.252330e+32    2.205811e+32
   2.256207e+32    2.097265e+32    2.143784e+32    2.105018e+32
   2.105018e+32    2.093388e+32    2.066251e+32    2.008102e+32
   1.829776e+32    1.946075e+32    1.705723e+32    1.655327e+32
   1.771626e+32    1.670834e+32    1.791010e+32    1.628191e+32
   1.539028e+32    1.418852e+32    1.558411e+32    1.511891e+32
   1.453742e+32    1.407222e+32    1.380085e+32    1.395592e+32
   1.178500e+32    1.159117e+32    1.287046e+32    1.116474e+32
   1.085460e+32    1.066077e+32    1.054447e+32    1.000174e+32
   9.420246e+31    8.218486e+31    8.102187e+31    8.606150e+31
   7.947121e+31    6.008799e+31    7.365624e+31    6.667828e+31
   6.047565e+31    6.357697e+31    6.435230e+31    6.125098e+31
   4.962105e+31    3.954177e+31    4.303075e+31    3.721579e+31
   3.566513e+31    3.295148e+31    2.868717e+31    2.791184e+31
   2.170921e+31    1.899556e+31    1.434358e+31    2.132154e+31
   1.240526e+31    1.822023e+31    1.356826e+31    8.528617e+30
   5.427302e+30    6.202631e+30    7.365624e+30    4.264309e+30
   5.814966e+30    3.876644e+30    3.488980e+30    7.753289e+29
   1.550658e+30    1.162993e+30    1.938322e+30    0.000000e+00
   0.000000e+00    7.753289e+29    0.000000e+00    0.000000e+00
   0.000000e+00    0.000000e+00    3.876644e+29    0.000000e+00
   0.000000e+00    0.000000e+00    0.000000e+00    0.000000e+00
   0.000000e+00    0.000000e+00    0.000000e+00    0.000000e+00
   0.000000e+00    0.000000e+00    0.000000e+00    0.000000e+00
   0.000000e+00    0.000000e+00    0.000000e+00    0.000000e+00
   0.000000e+00    0.000000e+00    0.000000e+00    0.000000e+00
   0.000000e+00    0.000000e+00    0.000000e+00    0.000000e+00
   0.000000e+00    0.000000e+00    0.000000e+00    0.000000e+00
   0.000000e+00    0.000000e+00    0.000000e+00    0.000000e+00
   0.000000e+00    0.000000e+00    0.000000e+00    0.000000e+00
   0.000000e+00    0.000000e+00    0.000000e+00    0.000000e+00
   0.000000e+00    0.000000e+00    0.000000e+00    0.000000e+00
$HISTOGRAM::log_gg_2
type=2;nc=200;xmin=-6.90776;xmax=6.21463;
   6.209996e+33    6.245274e+33    6.104164e+33    5.976235e+33
   6.072376e+33    5.928552e+33    5.875054e+33    5.812640e+33
   5.630826e+33    5.524606e+33    5.547866e+33    5.542438e+33
   5.440095e+33    5.255179e+33    5.351320e+33    5.197029e+33
   5.219514e+33    5.140430e+33    5.080730e+33    4.936131e+33
   5.011726e+33    4.930316e+33    4.859374e+33    4.841153e+33
   4.645383e+33    4.649647e+33    4.575603e+33    4.550017e+33
   4.506599e+33    4.489154e+33    4.420925e+33    4.298036e+33
   4.315868e+33    4.211586e+33    4.106142e+33    4.193366e+33
   4.003023e+33    4.017366e+33    3.891376e+33    3.894477e+33
   3.890988e+33    3.789032e+33    3.709949e+33    3.696768e+33
   3.599852e+33    3.634742e+33    3.577755e+33    3.573878e+33
   3.471923e+33    3.356399e+33    3.311042e+33    3.356399e+33
   3.211800e+33    3.270725e+33    3.254831e+33    3.146672e+33
   3.142408e+33    2.996646e+33    2.969122e+33    2.937333e+33
   2.911748e+33    2.909809e+33    2.873369e+33    2.758232e+33
   2.737299e+33    2.713263e+33    2.691554e+33    2.655114e+33
   2.614409e+33    2.545017e+33    2.498497e+33    2.452365e+33
   2.403907e+33    2.406621e+33    2.367854e+33    2.314744e+33
   2.309317e+33    2.267837e+33    2.232172e+33    2.217828e+33
   2.199608e+33    2.136806e+33    2.072842e+33    2.055784e+33
   2.076718e+33    2.017018e+33    1.977864e+33    1.931732e+33
   1.859626e+33    1.834040e+33    1.868155e+33    1.792173e+33
   1.758834e+33    1.752243e+33    1.743715e+33    1.709988e+33
   1.709212e+33    1.600666e+33    1.651838e+33    1.518482e+33
   1.559574e+33    1.506464e+33    1.503363e+33    1.460332e+33
   1.432808e+33    1.399856e+33    1.380473e+33    1.405284e+33
   1.327751e+33    1.311856e+33    1.286658e+33    1.312244e+33
   1.221918e+33    1.273865e+33    1.192068e+33    1.168808e+33
   1.111822e+33    1.117249e+33    1.091275e+33    1.098641e+33
   1.028861e+33    1.022659e+33    1.021883e+33    9.807910e+32
   9.811787e+32    9.714871e+32    9.148881e+32    8.815489e+32
   8.904652e+32    8.342539e+32    8.528617e+32    8.237869e+32
   8.171966e+32    8.183596e+32    7.466417e+32    7.567210e+32
   7.648619e+32    6.993466e+32    7.055493e+32    6.865537e+32
   6.524392e+32    6.656198e+32    6.353820e+32    6.392586e+32
   6.369327e+32    6.086332e+32    5.749063e+32    5.772323e+32
   5.593998e+32    5.384659e+32    5.093911e+32    4.954351e+32
   5.074527e+32    4.682986e+32    4.524044e+32    4.597700e+32
   4.341842e+32    4.047217e+32    4.000697e+32    4.151886e+32
   4.136379e+32    3.802988e+32    3.783605e+32    3.558759e+32
   3.500610e+32    3.252505e+32    3.314531e+32    3.004399e+32
   3.097439e+32    3.124575e+32    2.992769e+32    2.888100e+32
   2.628365e+32    2.585722e+32    2.620612e+32    2.256207e+32
   2.279467e+32    2.116648e+32    2.116648e+32    2.000348e+32
   2.178674e+32    1.903432e+32    1.876296e+32    1.915062e+32
   1.701847e+32    1.655327e+32    1.628191e+32    1.666957e+32
   1.442112e+32    1.302552e+32    1.321936e+32    1.321936e+32
   1.290923e+32    1.058324e+32    1.155240e+32    1.085460e+32
   1.143610e+32    9.652844e+31    1.007928e+32    9.032581e+31
$HISTOGRAM::pairs_lin
type=1;nc=100;xmin=0;xmax=5000;
   9.423580e+05    9.940000e+02    2.460000e+02    7.000000e+01
   5.000000e+01    1.800000e+01    2.000000e+01    1.400000e+01
   1.000000e+01    4.000000e+00    5.000000e+00    4.000000e+00
   0.000000e+00    1.000000e+00    3.000000e+00    1.000000e+00
   1.000000e+00    2.000000e+00    2.000000e+00    0.000000e+00
   0.000000e+00    1.000000e+00    0.000000e+00    0.000000e+00
   2.000000e+00    0.000000e+00    0.000000e+00    1.000000e+00
   0.000000e+00    0.000000e+00    0.000000e+00    1.000000e+00
   0.000000e+00    0.000000e+00    0.000000e+00    0.000000e+00
   0.000000e+00    0.000000e+00    0.000000e+00    0.000000e+00
   0.000000e+00    0.000000e+00    0.000000e+00    0.000000e+00
   0.000000e+00    0.000000e+00    0.000000e+00    0.000000e+00
   0.000000e+00    0.000000e+00    0.000000e+00    0.000000e+00
   0.000000e+00    0.000000e+00    0.000000e+00    0.000000e+00
   0.000000e+00    0.000000e+00    0.000000e+00    0.000000e+00
   0.000000e+00    0.000000e+00    0.000000e+00    0.000000e+00
   0.000000e+00    0.000000e+00    0.000000e+00    0.000000e+00
   0.000000e+00    0.000000e+00    0.000000e+00    0.000000e+00
   0.000000e+00    0.000000e+00    0.000000e+00    0.000000e+00
   0.000000e+00    0.000000e+00    0.000000e+00    0.000000e+00
   0.000000e+00    0.000000e+00    0.000000e+00    0.000000e+00
   0.000000e+00    0.000000e+00    0.000000e+00    0.000000e+00
   0.000000e+00    0.000000e+00    0.000000e+00    0.000000e+00
   0.000000e+00    0.000000e+00    0.000000e+00    0.000000e+00
   0.000000e+00    0.000000e+00    0.000000e+00    0.000000e+00
$HISTOGRAM::coherent_pairs
type=1;nc=100;xmin=0;xmax=5000;
   0.000000e+00    0.000000e+00    0.000000e+00    0.000000e+00
   0.000000e+00    0.000000e+00    0.000000e+00    0.000000e+00
   0.000000e+00    0.000000e+00    0.000000e+00    0.000000e+00
   0.000000e+00    0.000000e+00    0.000000e+00    0.000000e+00
   0.000000e+00    0.000000e+00    0.000000e+00    0.000000e+00
   0.000000e+00    0.000000e+00    0.000000e+00    0.000000e+00
   0.000000e+00    0.000000e+00    0.000000e+00    0.000000e+00
   0.000000e+00    0.000000e+00    0.000000e+00    0.000000e+00
   0.000000e+00    0.000000e+00    0.000000e+00    0.000000e+00
   0.000000e+00    0.000000e+00    0.000000e+00    0.000000e+00
   0.000000e+00    0.000000e+00    0.000000e+00    0.000000e+00
   0.000000e+00    0.000000e+00    0.000000e+00    0.000000e+00
   0.000000e+00    0.000000e+00    0.000000e+00    0.000000e+00
   0.000000e+00    0.000000e+00    0.000000e+00    0.000000e+00
   0.000000e+00    0.000000e+00    0.000000e+00    0.000000e+00
   0.000000e+00    0.000000e+00    0.000000e+00    0.000000e+00
   0.000000e+00    0.000000e+00    0.000000e+00    0.000000e+00
   0.000000e+00    0.000000e+00    0.000000e+00    0.000000e+00
   0.000000e+00    0.000000e+00    0.000000e+00    0.000000e+00
   0.000000e+00    0.000000e+00    0.000000e+00    0.000000e+00
   0.000000e+00    0.000000e+00    0.000000e+00    0.000000e+00
   0.000000e+00    0.000000e+00    0.000000e+00    0.000000e+00
   0.000000e+00    0.000000e+00    0.000000e+00    0.000000e+00
   0.000000e+00    0.000000e+00    0.000000e+00    0.000000e+00
   0.000000e+00    0.000000e+00    0.000000e+00    0.000000e+00
$HISTOGRAM::lumi_ep
type=1;nc=200;xmin=0;xmax=10001;
   0.000000e+00    0.000000e+00    0.000000e+00    0.000000e+00
   0.000000e+00    0.000000e+00    0.000000e+00    0.000000e+00
   0.000000e+00    0.000000e+00    0.000000e+00    0.000000e+00
   0.000000e+00    0.000000e+00    0.000000e+00    0.000000e+00
   0.000000e+00    0.000000e+00    0.000000e+00    0.000000e+00
   0.000000e+00    0.000000e+00    0.000000e+00    0.000000e+00
   0.000000e+00    0.000000e+00    0.000000e+00    0.000000e+00
   0.000000e+00    0.000000e+00    0.000000e+00    0.000000e+00
   0.000000e+00    0.000000e+00    0.000000e+00    0.000000e+00
   0.000000e+00    0.000000e+00    0.000000e+00    0.000000e+00
   0.000000e+00    0.000000e+00    0.000000e+00    0.000000e+00
   0.000000e+00    0.000000e+00    0.000000e+00    0.000000e+00
   0.000000e+00    0.000000e+00    0.000000e+00    0.000000e+00
   0.000000e+00    0.000000e+00    0.000000e+00    0.000000e+00
   0.000000e+00    0.000000e+00    0.000000e+00    0.000000e+00
   0.000000e+00    0.000000e+00    0.000000e+00    0.000000e+00
   0.000000e+00    0.000000e+00    0.000000e+00    0.000000e+00
   0.000000e+00    0.000000e+00    0.000000e+00    0.000000e+00
   0.000000e+00    0.000000e+00    0.000000e+00    0.000000e+00
   0.000000e+00    0.000000e+00    0.000000e+00    0.000000e+00
   0.000000e+00    0.000000e+00    0.000000e+00    0.000000e+00
   0.000000e+00    0.000000e+00    0.000000e+00    0.000000e+00
   0.000000e+00    0.000000e+00    0.000000e+00    0.000000e+00
   0.000000e+00    0.000000e+00    0.000000e+00    0.000000e+00
   0.000000e+00    0.000000e+00    0.000000e+00    0.000000e+00
   0.000000e+00    0.000000e+00    0.000000e+00    0.000000e+00
   0.000000e+00    0.000000e+00    0.000000e+00    0.000000e+00
   0.000000e+00    0.000000e+00    0.000000e+00    0.000000e+00
   0.000000e+00    0.000000e+00    0.000000e+00    0.000000e+00
   0.000000e+00    0.000000e+00    0.000000e+00    0.000000e+00
   0.000000e+00    0.000000e+00    0.000000e+00    0.000000e+00
   0.000000e+00    0.000000e+00    0.000000e+00    0.000000e+00
   0.000000e+00    0.000000e+00    0.000000e+00    0.000000e+00
   0.000000e+00    0.000000e+00    0.000000e+00    0.000000e+00
   0.000000e+00    0.000000e+00    0.000000e+00    0.000000e+00
   0.000000e+00    0.000000e+00    0.000000e+00    0.000000e+00
   0.000000e+00    0.000000e+00    0.000000e+00    0.000000e+00
   0.000000e+00    0.000000e+00    0.000000e+00    0.000000e+00
   0.000000e+00    0.000000e+00    0.000000e+00    0.000000e+00
   0.000000e+00    0.000000e+00    0.000000e+00    0.000000e+00
   0.000000e+00    0.000000e+00    0.000000e+00    0.000000e+00
   0.000000e+00    0.000000e+00    0.000000e+00    0.000000e+00
   0.000000e+00    0.000000e+00    0.000000e+00    0.000000e+00
   0.000000e+00    0.000000e+00    0.000000e+00    0.000000e+00
   0.000000e+00    0.000000e+00    0.000000e+00    0.000000e+00
   0.000000e+00    0.000000e+00    0.000000e+00    0.000000e+00
   0.000000e+00    0.000000e+00    0.000000e+00    0.000000e+00
   0.000000e+00    0.000000e+00    0.000000e+00    0.000000e+00
   0.000000e+00    0.000000e+00    0.000000e+00    0.000000e+00
   0.000000e+00    0.000000e+00    0.000000e+00    0.000000e+00
$HISTOGRAM::p_eng_1
type=1;nc=100;xmin=0;xmax=5000;
   0.000000e+00    0.000000e+00    0.000000e+00    0.000000e+00
   0.000000e+00    0.000000e+00    0.000000e+00    0.000000e+00
   0.000000e+00    0.000000e+00    0.000000e+00    0.000000e+00
   0.000000e+00    0.000000e+00    0.000000e+00    0.000000e+00
   0.000000e+00    0.000000e+00    0.000000e+00    0.000000e+00
   0.000000e+00    0.000000e+00    0.000000e+00    0.000000e+00
   0.000000e+00    0.000000e+00    0.000000e+00    0.000000e+00
   0.000000e+00    0.000000e+00    0.000000e+00    0.000000e+00
   0.000000e+00    0.000000e+00    0.000000e+00    0.000000e+00
   0.000000e+00    0.000000e+00    0.000000e+00    0.000000e+00
   0.000000e+00    0.000000e+00    0.000000e+00    0.000000e+00
   0.000000e+00    0.000000e+00    0.000000e+00    0.000000e+00
   0.000000e+00    0.000000e+00    0.000000e+00    0.000000e+00
   0.000000e+00    0.000000e+00    0.000000e+00    0.000000e+00
   0.000000e+00    0.000000e+00    0.000000e+00    0.000000e+00
   0.000000e+00    0.000000e+00    0.000000e+00    0.000000e+00
   0.000000e+00    0.000000e+00    0.000000e+00    0.000000e+00
   0.000000e+00    0.000000e+00    0.000000e+00    0.000000e+00
   0.000000e+00    0.000000e+00    0.000000e+00    0.000000e+00
   0.000000e+00    0.000000e+00    0.000000e+00    0.000000e+00
   0.000000e+00    0.000000e+00    0.000000e+00    0.000000e+00
   0.000000e+00    0.000000e+00    0.000000e+00    0.000000e+00
   0.000000e+00    0.000000e+00    0.000000e+00    0.000000e+00
   0.000000e+00    0.000000e+00    0.000000e+00    0.000000e+00
   0.000000e+00    0.000000e+00    0.000000e+00    0.000000e+00
$HISTOGRAM::e_spec
type=1;nc=110;xmin=0;xmax=5500;
   0.000000e+00    0.000000e+00    0.000000e+00    0.000000e+00
   0.000000e+00    0.000000e+00    0.000000e+00    0.000000e+00
   0.000000e+00    0.000000e+00    0.000000e+00    0.000000e+00
   0.000000e+00    0.000000e+00    0.000000e+00    0.000000e+00
   0.000000e+00    0.000000e+00    0.000000e+00    0.000000e+00
   0.000000e+00    0.000000e+00    0.000000e+00    0.000000e+00
   0.000000e+00    0.000000e+00    0.000000e+00    0.000000e+00
   0.000000e+00    0.000000e+00    0.000000e+00    0.000000e+00
   0.000000e+00    0.000000e+00    0.000000e+00    0.000000e+00
   0.000000e+00    0.000000e+00    0.000000e+00    0.000000e+00
   0.000000e+00    0.000000e+00    0.000000e+00    0.000000e+00
   0.000000e+00    0.000000e+00    0.000000e+00    0.000000e+00
   0.000000e+00    0.000000e+00    0.000000e+00    0.000000e+00
   0.000000e+00    0.000000e+00    0.000000e+00    0.000000e+00
   0.000000e+00    0.000000e+00    0.000000e+00    0.000000e+00
   0.000000e+00    0.000000e+00    0.000000e+00    0.000000e+00
   0.000000e+00    0.000000e+00    0.000000e+00    0.000000e+00
   0.000000e+00    0.000000e+00    0.000000e+00    0.000000e+00
   0.000000e+00    0.000000e+00    0.000000e+00    0.000000e+00
   0.000000e+00    0.000000e+00    0.000000e+00    0.000000e+00
   0.000000e+00    0.000000e+00    0.000000e+00    0.000000e+00
   0.000000e+00    0.000000e+00    0.000000e+00    0.000000e+00
   0.000000e+00    0.000000e+00    0.000000e+00    0.000000e+00
   0.000000e+00    0.000000e+00    0.000000e+00    0.000000e+00
   0.000000e+00    0.000000e+00    0.000000e+00    3.595300e+04
   6.875340e+05    0.000000e+00    0.000000e+00    0.000000e+00
   0.000000e+00    0.000000e+00    0.000000e+00    0.000000e+00
   0.000000e+00    0.000000e+00
$HISTOGRAM::p_spec
type=1;nc=110;xmin=0;xmax=5500;
   0.000000e+00    0.000000e+00    0.000000e+00    0.000000e+00
   0.000000e+00    0.000000e+00    0.000000e+00    0.000000e+00
   0.000000e+00    0.000000e+00    0.000000e+00    0.000000e+00
   0.000000e+00    0.000000e+00    0.000000e+00    0.000000e+00
   0.000000e+00    0.000000e+00    0.000000e+00    0.000000e+00
   0.000000e+00    0.000000e+00    0.000000e+00    0.000000e+00
   0.000000e+00    0.000000e+00    0.000000e+00    0.000000e+00
   0.000000e+00    0.000000e+00    0.000000e+00    0.000000e+00
   0.000000e+00    0.000000e+00    0.000000e+00    0.000000e+00
   0.000000e+00    0.000000e+00    0.000000e+00    0.000000e+00
   0.000000e+00    0.000000e+00    0.000000e+00    0.000000e+00
   0.000000e+00    0.000000e+00    0.000000e+00    0.000000e+00
   0.000000e+00    0.000000e+00    0.000000e+00    0.000000e+00
   0.000000e+00    0.000000e+00    0.000000e+00    0.000000e+00
   0.000000e+00    0.000000e+00    0.000000e+00    0.000000e+00
   0.000000e+00    0.000000e+00    0.000000e+00    0.000000e+00
   0.000000e+00    0.000000e+00    0.000000e+00    0.000000e+00
   0.000000e+00    0.000000e+00    0.000000e+00    0.000000e+00
   0.000000e+00    0.000000e+00    0.000000e+00    0.000000e+00
   0.000000e+00    0.000000e+00    0.000000e+00    0.000000e+00
   0.000000e+00    0.000000e+00    0.000000e+00    0.000000e+00
   0.000000e+00    0.000000e+00    0.000000e+00    0.000000e+00
   0.000000e+00    0.000000e+00    0.000000e+00    0.000000e+00
   0.000000e+00    0.000000e+00    0.000000e+00    0.000000e+00
   0.000000e+00    0.000000e+00    0.000000e+00    0.000000e+00
   0.000000e+00    0.000000e+00    0.000000e+00    0.000000e+00
   0.000000e+00    0.000000e+00    0.000000e+00    0.000000e+00
   0.000000e+00    0.000000e+00
$HISTOGRAM::lumi_eg_pol
type=1;nc=200;xmin=0;xmax=10000;
   0.000000e+00    0.000000e+00    0.000000e+00    0.000000e+00
   0.000000e+00    0.000000e+00    0.000000e+00    0.000000e+00
   0.000000e+00    0.000000e+00    0.000000e+00    0.000000e+00
   0.000000e+00    0.000000e+00    0.000000e+00    0.000000e+00
   0.000000e+00    0.000000e+00    0.000000e+00    0.000000e+00
   0.000000e+00    0.000000e+00    0.000000e+00    0.000000e+00
   0.000000e+00    0.000000e+00    0.000000e+00    0.000000e+00
   0.000000e+00    0.000000e+00    0.000000e+00    0.000000e+00
   0.000000e+00    0.000000e+00    0.000000e+00    0.000000e+00
   0.000000e+00    0.000000e+00    0.000000e+00    0.000000e+00
   0.000000e+00    0.000000e+00    0.000000e+00    0.000000e+00
   0.000000e+00    0.000000e+00    0.000000e+00    0.000000e+00
   0.000000e+00    0.000000e+00    0.000000e+00    0.000000e+00
   0.000000e+00    0.000000e+00    0.000000e+00    0.000000e+00
   0.000000e+00    0.000000e+00    0.000000e+00    0.000000e+00
   0.000000e+00    0.000000e+00    0.000000e+00    0.000000e+00
   0.000000e+00    0.000000e+00    0.000000e+00    0.000000e+00
   0.000000e+00    0.000000e+00    0.000000e+00    0.000000e+00
   0.000000e+00    0.000000e+00    0.000000e+00    0.000000e+00
   0.000000e+00    0.000000e+00    0.000000e+00    0.000000e+00
   0.000000e+00    0.000000e+00    0.000000e+00    0.000000e+00
   0.000000e+00    0.000000e+00    0.000000e+00    0.000000e+00
   0.000000e+00    0.000000e+00    0.000000e+00    0.000000e+00
   0.000000e+00    0.000000e+00    0.000000e+00    0.000000e+00
   0.000000e+00    0.000000e+00    0.000000e+00    0.000000e+00
   0.000000e+00    0.000000e+00    0.000000e+00    0.000000e+00
   0.000000e+00    0.000000e+00    0.000000e+00    0.000000e+00
   0.000000e+00    0.000000e+00    0.000000e+00    0.000000e+00
   0.000000e+00    0.000000e+00    0.000000e+00    0.000000e+00
   0.000000e+00    0.000000e+00    0.000000e+00    0.000000e+00
   0.000000e+00    0.000000e+00    0.000000e+00    0.000000e+00
   0.000000e+00    0.000000e+00    0.000000e+00    0.000000e+00
   0.000000e+00    0.000000e+00    0.000000e+00    0.000000e+00
   0.000000e+00    0.000000e+00    0.000000e+00    0.000000e+00
   0.000000e+00    0.000000e+00    0.000000e+00    0.000000e+00
   0.000000e+00    0.000000e+00    0.000000e+00    0.000000e+00
   0.000000e+00    0.000000e+00    0.000000e+00    0.000000e+00
   0.000000e+00    0.000000e+00    0.000000e+00    0.000000e+00
   0.000000e+00    0.000000e+00    0.000000e+00    0.000000e+00
   0.000000e+00    0.000000e+00    0.000000e+00    0.000000e+00
   0.000000e+00    0.000000e+00    0.000000e+00    0.000000e+00
   0.000000e+00    0.000000e+00    0.000000e+00    0.000000e+00
   0.000000e+00    0.000000e+00    0.000000e+00    0.000000e+00
   0.000000e+00    0.000000e+00    0.000000e+00    0.000000e+00
   0.000000e+00    0.000000e+00    0.000000e+00    0.000000e+00
   0.000000e+00    0.000000e+00    0.000000e+00    0.000000e+00
   0.000000e+00    0.000000e+00    0.000000e+00    0.000000e+00
   0.000000e+00    0.000000e+00    0.000000e+00    0.000000e+00
   0.000000e+00    0.000000e+00    0.000000e+00    0.000000e+00
   0.000000e+00    0.000000e+00    0.000000e+00    0.000000e+00
